"No";"Titel";"Erfinder";"Anmelder";"Veröffentlichungsnummer";"Früheste Priorität";"IPC";"CPC";"Veröffentlichungsdatum";"Früheste Veröffentlichung";"Familiennummer";
"1";"WERKZEUGMASCHINE MIT EINER AUSGLEICHSKAMMER UND VERFAHREN ZUM AUSGLEICHEN VON ZUSTANDSÄNDERUNGEN DER ATMOSPHÄRE IM ARBEITSRAUM EINER WERKZEUGMASCHINE";"BRAND MATTHIAS [DE] 
KÜHNELT MARKUS [DE] 
STORCH STEPHAN [DE]";"DMG MORI SEEBACH GMBH [DE]";"WO2026162447A1";"2025-01-30";"B23Q1/01 
B23Q11/08 
B23Q11/00";"B23Q1/015 (EP) 
B23Q11/0891 (EP) 
B23Q11/0032 (EP)";"2026-08-06";"2026-07-30";"098779715";
"2";"SCHLEUSENVORRICHTUNG FÜR WERKSTÜCKE MIT OPTISCHEN EIGENSCHAFTEN UND FERTIGUNGSMASCHINE HIERMIT";"WALLENDORF STEFFEN [DE] 
SCHLICHT MAXIMILIAN [DE] 
SCHMIDT MARKUS [DE] 
SÖHNGEN SWEN [DE] 
SEIFRIED STEFAN [DE]";"OPTOTECH OPTIKMASCH GMBH [DE] 
WALLENDORF STEFFEN [DE] 
SCHLICHT MAXIMILIAN [DE] 
SCHMIDT MARKUS [DE] 
SOEHNGEN SWEN [DE] 
SEIFRIED STEFAN [DE]";"WO2026162131A1";"2025-01-29";"B23Q11/08 
B23Q7/02 
B24B13/00 
B24B41/00";"B23Q17/20 (EP) 
B23Q7/02 (EP) 
B24B13/0031 (EP) 
B24B41/005 (EP) 
B25J9/0093 (EP) 
F16P3/08 (EP) 
B23Q11/0891 (EP) 
B28D7/00 (EP)";"2026-08-06";"2026-08-06";"094475882";
"3";"CLAMP DEVICE";"HARUNA YOSUKE [JP]";"KOSMEK LTD [JP]";"US20260225197A1";"2023-02-27";"B23Q3/06";"B23Q3/06 (US) 
B23Q3/062 (KR) 
B25B5/04 (EP,KR) 
B25B5/08 (EP) 
F16B2/16 (EP,KR) 
B23Q2703/10 (KR)";"2026-08-06";"2024-09-06";"092589791";
"4";"FAST-TOOL-ANTRIEBSEINHEIT FÜR EINE DREHMASCHINE";"SCHMIDT MARKUS [DE] 
SÖHNGEN SWEN [DE] 
WALLENDORF STEFFEN [DE] 
SCHLICHT MAXIMILIAN [DE] 
SEIFRIED STEFAN [DE]";"OPTOTECH OPTIKMASCH GMBH [DE] 
SCHMIDT MARKUS [DE] 
SOEHNGEN SWEN [DE] 
WALLENDORF STEFFEN [DE] 
SCHLICHT MAXIMILIAN [DE] 
SEIFRIED STEFAN [DE]";"WO2026162128A1";"2025-01-29";"B23B27/10 
B23B29/12 
B23Q11/10";"B23B27/10 (EP) 
B23B29/125 (EP) 
B23Q11/1023 (EP) 
B23B2215/40 (EP) 
B23B2226/45 (EP) 
B23B2250/12 (EP) 
B23B2260/108 (EP) 
B23Q2230/004 (EP)";"2026-08-06";"2026-08-06";"094480964";
"5";"ROTARY TABLE DEVICE";"FUJIMOTO KAZUHISA [JP] 
RAY NATHAN [GB] 
ECKERSALL STEPHEN [GB] 
CORKER CHARLES MILLWARD [GB]";"NIKKEN KOSAKUSHO WORKS LTD [JP]";"US20260225222A1";"2025-02-04";"B25H1/02";"B23Q1/0027 (EP) 
B23Q1/0072 (EP) 
B23Q1/52 (EP) 
B23Q3/082 (EP) 
B25H1/02 (US) 
B23Q2220/004 (EP)";"2026-08-06";"2025-06-05";"095894927";
"6";"Reduction of thermal distortion in machine tools";"MARK STOCKER [GB]";"FIVES LANDIS LTD [GB]";"GB2703681A";"2025-01-16";"B23Q1/01 
B23Q15/18 
B24B41/02";"B23Q1/015 (EP) 
B23Q1/522 (EP) 
B23Q11/0003 (EP) 
B23Q11/127 (EP)";"2026-08-05";"2026-07-23";"095559406";
"7";"VORRICHTUNG MIT EINER BEWEGLICHEN KLAPPE ZUM FREIGEBEN EINER WECHSELÖFFNUNG AN EINER WERKZEUGMASCHINE UND VERFAHREN ZUM AUSWECHSELN EINES AUFSATZES";"BRAND MATTHIAS [DE] 
KÜHNELT MARKUS [DE] 
STORCH STEPHAN [DE]";"DMG MORI SEEBACH GMBH [DE]";"WO2026162414A1";"2025-01-30";"B23Q11/08 
B23Q3/157";"B23Q11/08 (EP) 
B23Q11/0891 (EP) 
B23Q3/15713 (EP) 
B23Q2003/155428 (EP)";"2026-08-06";"2026-07-30";"098772633";
"8";"MACHINE TOOL";"FONTAINE THOMAS [DE] 
BUDAI JÁNOS [HU] 
MARMOL DAMIAN [PL] 
BITTNER PASCAL [DE]";"SCHWAEBISCHE WERKZEUGMASCHINEN GMBH [DE]";"US20260225198A1";"2025-02-06";"B23Q3/155 
B23Q3/157";"B23Q3/1554 (US) 
B23Q3/15706 (EP) 
B23Q3/15724 (EP,US) 
B23Q3/1574 (EP) 
B23Q3/15753 (EP) 
B23Q2003/155414 (US) 
B23Q2003/155453 (EP) 
B23Q2003/155456 (EP) 
B23Q2003/1558 (EP)";"2026-08-06";"2026-08-06";"094598374";
"9";"CARTRIDGE, TABLE ROTATOR, AND MACHINE TOOL";"SATO KIMIHIKO [JP] 
OGAWA YUKIO [JP] 
SAKAI NOBUHIRO [JP]";"YAMAZAKI MAZAK CORP [JP]";"US20260225196A1";"2024-06-28";"B23Q1/01 
B23Q1/54";"B23Q1/01 (US) 
B23Q1/54 (US) 
B23Q1/5406 (EP) 
B23Q16/025 (EP) 
B23Q2220/004 (EP)";"2026-08-06";"2024-12-23";"093933969";
"10";"ROTIERENDES ELEMENT, INSBESONDERE WERKZEUGHALTER";"SCHUSTER ALEXANDER [DE] 
RENTZSCH HENDRIK [DE] 
WORM JOHANNES [DE] 
DRÄGER TOBIAS [DE]";"FRAUNHOFER GES FORSCHUNG [DE]";"WO2026162583A1";"2025-01-29";"B23B31/20 
B23Q17/09";"B23B31/20 (EP) 
B23B2260/128 (EP) 
B23B2270/022 (EP) 
B23B2270/14 (EP) 
B23B2270/32 (EP) 
B23Q17/0966 (EP)";"2026-08-06";"2026-07-30";"098732701";
"11";"机床";"";"";"CN224601013U";"2025-05-22";"B23C9/00 
B23Q1/01 
B23Q1/25";"B23Q1/015 (EP) 
B23Q1/017 (EP) 
B23Q1/626 (EP)";"2026-08-07";"2026-08-07";"096470398";
"12";"WERKZEUGMASCHINE";"JONES JASON [GB] 
COATES PETER [GB] 
SOLOMON PETER-JON [GB] 
ZADROGA JOSHUA [GB]";"HYBRID MANUFACTURING TECH LIMITED [GB]";"EP4786088A2";"2017-03-22";"B23K26/00";"B22F10/10 (KR) 
B22F10/22 (EP,GB,KR,US) 
B22F12/50 (EP,GB,KR,US) 
B22F12/90 (KR) 
B23K26/0093 (EP,GB,KR) 
B23K26/1482 (EP,GB,KR,US) 
B23K26/34 (US) 
B23K26/342 (EP,GB,KR) 
B23K26/702 (EP,KR) 
B23K28/02 (GB) 
B23P23/04 (GB) 
B23Q1/0009 (EP,KR) 
B23Q3/12 (GB) 
B29C64/106 (EP,KR) 
B29C64/118 (EP,KR) 
B29C64/153 (EP,KR,US) 
B29C64/188 (GB,US) 
B29C64/209 (EP,GB,KR,US) 
B29C64/321 (US) 
B33Y30/00 (GB,US) 
B33Y40/20 (US) 
B22F10/25 (EP,GB,US) 
B22F12/44 (EP,GB,US) 
B22F12/90 (EP,GB,US) 
B22F2999/00 (EP,KR) 
B23Q2220/008 (EP,KR) 
B33Y30/00 (EP) 
Y02P10/25 (EP,KR) 
B22F2999/00, B22F3/227, ADD (EP)      ";"2026-08-05";"2018-09-26";"058688416";
"13";"AUTONOME STROMERZEUGUNGSVORRICHTUNG UND ZYLINDERVORRICHTUNG DAMIT";"KOJIMA RYOTA [JP]";"KOSMEK LTD [JP]";"EP4787689A1";"2023-09-27";"B23Q3/06 
F15B15/28 
H02K35/00";"B23Q3/06 (EP,KR) 
F15B15/28 (KR) 
F15B15/2807 (EP) 
G01D5/00 (EP) 
H02K1/34 (EP) 
H02K33/16 (EP) 
H02K35/00 (EP) 
H02K35/02 (EP) 
H02K35/04 (EP,KR) 
H02K35/06 (EP) 
H02K7/1807 (EP) 
H02K7/1853 (EP) 
H02K7/1869 (EP) 
H02K7/1876 (EP) 
H02K7/1884 (EP,KR) 
H02K7/1892 (EP) 
F15B15/2861 (EP) 
H02K2213/03 (EP)";"2026-08-05";"2025-04-03";"095203682";
"14";"自动刮削加工装置、自动刮削加工方法、信息处理装置、加工指示数据的生成方法、以及加工指示数据生成程序";"";"";"CN122535474A";"2024-04-01";"B23D79/02 
B23Q15/00 
B23Q17/20";"B23D79/02 (EP) 
B23Q15/00 (EP) 
B23Q17/20 (EP)";"2026-08-07";"2025-10-09";"097266888";
"15";"卡盘";"";"";"CN122535473A";"2024-03-25";"B23B31/00 
B23B31/171 
B23Q11/08";"B23B31/00 (EP) 
B23B31/1612 (EP) 
B23Q11/08 (EP)";"2026-08-07";"2025-10-01";"097219570";
"16";"VERARBEITUNGSMASCHINE, VERARBEITUNGSSYSTEM UND VERFAHREN ZUR HERSTELLUNG EINES VERARBEITETEN OBJEKTS";"SUZUKI TORU [JP] 
AKIYAMA TAKANOBU [JP] 
FUKUTA MASAHIKO [JP]";"SHIBAURA MACHINE CO LTD [JP]";"EP4786095A1";"2023-09-29";"B23Q17/22 
B24B49/10 
G05B19/404 
G05B19/416";"B23Q17/22 (EP) 
B24B49/10 (EP) 
G05B19/404 (EP) 
G05B19/416 (EP)";"2026-08-05";"2025-02-17";"094631050";
"17";"刀具切换装置及机器人系统";"";"";"CN122535482A";"2024-01-31";"B23Q3/157 
B25J9/16";"B23Q11/0082 (EP) 
B23Q11/0092 (EP) 
B23Q11/08 (EP) 
B23Q3/15546 (EP) 
B23Q3/15722 (EP) 
B25J11/005 (EP) 
B25J15/0057 (EP) 
G05B2219/39468 (EP) 
G05B2219/50257 (EP)";"2026-08-07";"2025-08-07";"096589157";
"18";"COOLANT SYSTEM";"ISHIKAWA RYUTARO [JP]";"FANUC CORP [JP]";"US20260225201A1";"2023-02-09";"B23Q11/00 
B23Q11/10";"B23Q11/0057 (EP) 
B23Q11/0075 (US) 
B23Q11/1069 (EP,US) 
Y02P70/10 (EP)";"2026-08-06";"2024-08-15";"092262175";
"19";"用于圆柱形电池单元的顶盖焊接设备以及使用该顶盖焊接设备的用于圆柱形电池单元的顶盖焊接方法";"";"";"CN122535477A";"2024-12-05";"B23K26/142 
B23K26/21 
B23Q11/00 
H01M10/04 
H01M50/152 
H01M50/528";"B23K26/066 (EP,KR) 
B23K26/08 (EP) 
B23K26/083 (EP,KR) 
B23K26/16 (EP,KR) 
B23K26/21 (EP,KR) 
B23K37/0443 (EP) 
B23Q11/00 (EP) 
B23Q11/0046 (KR) 
H01M10/04 (EP) 
H01M10/0404 (EP,KR) 
H01M50/107 (EP) 
H01M50/152 (EP,KR) 
H01M50/528 (EP,KR) 
H01M50/536 (EP) 
B23K2101/36 (EP) 
B23K2101/38 (EP) 
Y02E60/10 (EP,KR)";"2026-08-07";"2026-06-11";"099440493";
"20";"MACHINE TOOL ASSEMBLY WITH TOOL BASE AND LATCHABLE WORKPIECE FRAME";"GARNER RUSTY [US]";"ROLLS ROYCE CORP [US]";"US20260225200A1";"2025-02-06";"B23Q1/52 
B23Q7/04";"B23Q1/52 (US) 
B23Q7/046 (US) 
B23Q7/047 (US)";"2026-08-06";"2026-08-06";"100772204";
"21";"SCHUTZABDECKUNG, VERBINDUNGSELEMENT UND MONTAGEWERKZEUG";"GÖTZMANN TIM [DE]";"MOELLERWERKE GMBH [DE]";"EP4786092A2";"2025-02-03";"B23Q11/08 
F16B5/00";"B23Q11/0825 (EP)";"2026-08-05";"2026-08-04";"098567067";
"22";"SYSTEMS AND METHODS FOR PART ALIGNMENT";"ROBERTS JONATHAN MICHAEL TODD [US]";"BLUE ORIGIN MFG LLC [US]";"US20260225199A1";"2025-02-06";"B23Q3/18";"B23Q3/186 (US)";"2026-08-06";"2026-08-06";"100772207";
"23";"SCHNEIDSYSTEM, WERKZEUGMASCHINE UND ABSCHIRMELEMENT";"ARAKI TADASHI [JP] 
KURIYAMA HIROMITSU [JP] 
TANAKA YOSHIZO [JP] 
OHMORI HIROKI [JP] 
KUWAYAMA ICHIRO [JP] 
TAKANO TOYOHISA [JP] 
YAMAGISHI SUGURU [JP]";"SUMITOMO ELECTRIC INDUSTRIES [JP]";"EP4786094A1";"2023-09-27";"B23Q11/08 
B23Q17/09";"B23Q11/08 (EP) 
B23Q17/09 (EP)";"2026-08-05";"2025-04-03";"095202425";
"24";"SCHUTZVORRICHTUNG UND BEARBEITUNGSMASCHINE";"BENEDETTI MICHELE [IT] 
MARDEGAN VITTORIO [IT]";"P E I PROTEZIONI ELABORAZIONI IND S R L [IT]";"EP4786093A1";"2025-02-03";"B23Q11/08 
F16P1/02";"B23Q11/0825 (EP) 
F16P1/02 (EP) 
F16P3/02 (EP)";"2026-08-05";"2026-08-05";"095290106";
"25";"STABILITÄT DER BEARBEITUNG VON DÜNNWANDIGEN TEILEN";"WANG ZHIGANG [US] 
GUO CHANGSHENG [US] 
HOMMA KENJI [US] 
KOUNTANYA RATA K [US] 
RANGANATH SANTOSH K [US] 
FROMERTH ERIC [US] 
SCHMITZ TONY L [US]";"RTX CORP [US]";"EP4787093A1";"2025-01-29";"B23Q17/09 
G05B19/404 
G05B19/4069 
G05B19/4097 
G05B19/4099";"B23Q17/0976 (EP) 
G05B19/188 (US) 
G05B19/404 (EP) 
G05B19/4069 (EP,US) 
G05B19/4097 (EP) 
G05B19/4099 (EP) 
G06F30/20 (US) 
B23P15/02 (US) 
G05B2219/36252 (EP) 
G05B2219/37355 (EP) 
G05B2219/41256 (EP) 
G05B2219/45147 (EP) 
G06F2119/18 (US)";"2026-08-05";"2026-07-30";"097753048";
"26";"MODULARE BE- UND ENTLADEZELLE";"FONTAINE THOMAS [DE] 
WOLF ROMAN [DE] 
WILHELM ANDREAS [DE] 
DE VRIES FRANCISCUS PETRUS [DE] 
ROCKER HARMUT [DE]";"SCHWAEBISCHE WERKZEUGMASCHINEN GMBH [DE]";"EP4786112A1";"2025-01-29";"B23Q11/08 
B23Q7/04 
B23Q7/14 
B25J21/00 
B25J9/08";"B23Q11/0891 (EP) 
B23Q7/04 (EP) 
B23Q7/1431 (EP) 
B25J21/00 (EP) 
B25J9/08 (EP)";"2026-08-05";"2026-07-31";"094432514";
"27";"ARTICLE TRANSPORT SYSTEM AND ARTICLE TRANSPORT METHOD";"KITAZAWA MASAYA [JP]";"AMADA CO LTD [JP]";"US20260227774A1";"2023-01-31";"B23Q7/14 
G05B19/418";"B23Q41/02 (EP) 
B23Q7/1431 (EP,US) 
B23Q7/1442 (EP,US) 
G05B19/41895 (EP,US) 
G05B2219/31002 (EP,US) 
G05B2219/31086 (EP,US) 
G05B2219/50364 (EP,US) 
G05B2219/50369 (EP) 
G05B2219/50393 (EP,US) 
G05B2219/50395 (EP)";"2026-08-06";"2024-06-13";"091377599";
"28";"VERFAHREN UND VORRICHTUNGEN ZUR KALIBRIERUNG VON FRÄS- UND/ODER DREHMASCHINEN";"FREITAG STEFFEN [DE] 
SÖHNGEN SWEN [DE] 
ENGELMANN OLGA [CH] 
WALLENDORF STEFFEN [DE] 
SEIFRIED STEFAN [DE]";"OPTOTECH OPTIKMASCH GMBH [DE] 
FREITAG STEFFEN [DE] 
SOEHNGEN SWEN [DE] 
ENGELMANN OLGA [CH] 
WALLENDORF STEFFEN [DE] 
SEIFRIED STEFAN [DE] 
OPTOTECH AG [CH]";"WO2026162132A1";"2025-01-29";"B23Q17/00 
G01B11/14 
G06T7/00";"B23Q17/2266 (EP) 
B23Q17/2471 (EP) 
B23Q17/249 (EP) 
G01B11/14 (EP)";"2026-08-06";"2026-08-06";"094478526";
"29";"一种轴承加工翻转装置";"";"";"CN224601131U";"2025-07-30";"B23Q7/00 
B25H1/10";"";"2026-08-07";"2026-08-07";"100742249";
"30";"一种机械加工用吸尘装置";"";"";"CN224601146U";"2024-12-05";"B23D19/00 
B23Q11/00";"";"2026-08-07";"2026-08-07";"100749331";
"31";"一种元件固定驱动设备及加工系统";"";"";"CN224601466U";"2025-08-29";"B23Q3/06 
B25B11/00";"";"2026-08-07";"2026-08-07";"100740900";
"32";"一种基于球阀加工的开槽装置";"";"";"CN224600662U";"2024-09-18";"B23D79/00 
B23Q11/00";"";"2026-08-07";"2026-08-07";"100746679";
"33";"一种自清洁排屑过滤装置";"";"";"CN224598834U";"2025-09-10";"B01D29/03 
B01D29/64 
B23Q11/10";"";"2026-08-07";"2026-08-07";"100742156";
"34";"一种飞轮自动钻孔装置";"";"";"CN122517678A";"2026-07-04";"B23B41/00 
B23B47/00 
B23Q3/06";"";"2026-08-07";"2026-08-07";"100760932";
"35";"一种可调节夹座的数控车床机";"";"";"CN224601113U";"2025-08-25";"B23B25/00 
B23Q11/00 
B23Q3/12";"";"2026-08-07";"2026-08-07";"100742649";
"36";"一种用于铸件斜面加工的切削设备";"";"";"CN224601165U";"2025-07-17";"B23Q11/08";"";"2026-08-07";"2026-08-07";"100748613";
"37";"钛合金与复合材料叠层材料制孔过程的进给控制方法";"";"";"CN122518131A";"2026-05-19";"B23Q15/013 
G05B19/416";"";"2026-08-07";"2026-08-07";"100769139";
"38";"切削工具和相关方法";"";"";"CN122517709A";"2025-02-07";"B23D77/00 
B23D79/00 
B23Q11/10";"";"2026-08-07";"2026-08-07";"100766552";
"39";"一种加工中心用刀具冷却清洗装置";"";"";"CN122518127A";"2026-06-15";"B23Q11/00 
B23Q11/10";"";"2026-08-07";"2026-08-07";"100758570";
"40";"一种铝合金板材切割装置";"";"";"CN122518122A";"2026-06-30";"B23D19/00 
B23D33/00 
B23D33/02 
B23Q11/00 
B23Q11/10";"";"2026-08-07";"2026-08-07";"100765985";
"41";"一种铝材裁切装置";"";"";"CN224600648U";"2025-08-01";"B23D45/06 
B23Q15/26 
B23Q3/08 
B23Q5/00";"";"2026-08-07";"2026-08-07";"100738191";
"42";"一种五轴加工除屑机构";"";"";"CN224601150U";"2025-08-06";"B23Q11/00";"";"2026-08-07";"2026-08-07";"100745615";
"43";"一种机械加工的夹持装置";"";"";"CN224601039U";"2025-07-11";"B23Q3/00";"";"2026-08-07";"2026-08-07";"100738498";
"44";"一种数控龙门加工中心用工件传动机构";"";"";"CN224601020U";"2025-07-16";"B23Q1/25 
B23Q3/06";"";"2026-08-07";"2026-08-07";"100746121";
"45";"一种圆盘形工件端面铣削夹具";"";"";"CN224601068U";"2025-08-08";"B23Q3/06";"";"2026-08-07";"2026-08-07";"100741742";
"46";"一种用于球墨铸铁管管端的坡口机";"";"";"CN224600676U";"2026-07-01";"B23D79/00 
B23Q1/25 
B23Q3/00";"";"2026-08-07";"2026-08-07";"100735438";
"47";"一种具有固定结构的钢结构用打孔设备";"";"";"CN224600590U";"2025-09-01";"B23B41/00 
B23Q3/06";"";"2026-08-07";"2026-08-07";"100747689";
"48";"一种门窗加工用切割装置";"";"";"CN224601148U";"2025-07-22";"B23D79/00 
B23Q11/00";"";"2026-08-07";"2026-08-07";"100742802";
"49";"一种回转工作台可调固定装置";"";"";"CN224601107U";"2025-09-05";"B23Q1/25 
B23Q3/08";"";"2026-08-07";"2026-08-07";"100740006";
"50";"双轴直驱摇篮式数控转台组件";"";"";"CN224601026U";"2025-09-09";"B23Q1/48 
B23Q11/08";"";"2026-08-07";"2026-08-07";"100739965";
"51";"一种工业泵零部件用钻孔加工装置";"";"";"CN122518133A";"2026-06-26";"B23B41/00 
B23Q1/25 
B23Q16/10 
B23Q3/06";"";"2026-08-07";"2026-08-07";"100758863";
"52";"一种切割机支撑梁";"";"";"CN224601018U";"2025-09-18";"B23Q1/01";"";"2026-08-07";"2026-08-07";"100736058";
"53";"一种方管夹持装置";"";"";"CN224601103U";"2025-08-20";"B23Q3/08";"";"2026-08-07";"2026-08-07";"100736956";
"54";"一种大型立式机床回转台校准方法";"";"";"CN122526096A";"2026-05-19";"B23Q1/26 
G05B19/402";"";"2026-08-07";"2026-08-07";"100765344";
"55";"行星架总成加工方法、行星架总成及行星减速器";"";"";"CN122518085A";"2025-11-12";"B23Q3/06 
F16H1/28 
F16H57/08";"";"2026-08-07";"2026-08-07";"100753559";
"56";"一种金属板材加工设备清洁装置";"";"";"CN224601143U";"2024-10-17";"B23Q11/00";"";"2026-08-07";"2026-08-07";"100744983";
"57";"一种刀具在位检测装置及方法";"";"";"CN122518137A";"2026-06-30";"B23Q17/09";"";"2026-08-07";"2026-08-07";"100760887";
"58";"一种加工中心接触式机械换刀结构";"";"";"CN224601121U";"2025-09-11";"B23Q3/155";"";"2026-08-07";"2026-08-07";"100735641";
"59";"一种具有良好排屑的微型数控车床";"";"";"CN224601158U";"2025-09-10";"B23Q11/00 
B23Q11/08 
B23Q11/12 
B23Q5/00";"";"2026-08-07";"2026-08-07";"100744503";
"60";"一种机床加工用限位装置";"";"";"CN224601050U";"2024-11-21";"B23Q3/02";"";"2026-08-07";"2026-08-07";"100740641";
"61";"一种圆形砚台加工数控车床";"";"";"CN224600554U";"2025-08-19";"B23B21/00 
B23B5/00 
B23Q11/00 
B23Q11/08";"";"2026-08-07";"2026-08-07";"100748586";
"62";"一种带有减震功能的交叉导轨固定装置";"";"";"CN224601072U";"2025-08-19";"B23Q3/06";"";"2026-08-07";"2026-08-07";"100742419";
"63";"有旋转夹持机构的内螺纹磨削设备";"";"";"CN122517723A";"2026-06-25";"B23G1/36 
B23G1/44 
B23Q3/06";"";"2026-08-07";"2026-08-07";"100758898";
"64";"一种铜杆生产用定长切断机";"";"";"CN224600669U";"2025-08-28";"B23D79/00 
B23Q11/08";"";"2026-08-07";"2026-08-07";"100748618";
"65";"一种可调式模具制造用定位装置";"";"";"CN224601128U";"2024-09-06";"B23Q3/06 
B23Q7/00";"";"2026-08-07";"2026-08-07";"100747040";
"66";"DUST COLLECTOR FOR SURFACE DRILLING OPERATIONS";"BARBARÁ DA SILVA FABIANO [BR]";"BARBARA DA SILVA FABIANO [BR]";"WO2026161943A1";"2025-01-28";"B08B15/04 
B23B45/02 
B23B47/00 
B23B47/34 
B23Q11/00 
B25F5/00 
B65F1/00 
B65F1/12";"";"2026-08-06";"2026-08-06";"100771128";
"67";"一种钢管管材旋转型加工夹具";"";"";"CN224601054U";"2024-08-27";"B23Q3/06 
B23Q7/00";"";"2026-08-07";"2026-08-07";"100742454";
"68";"一种模具制造用多功能加工平台";"";"";"CN224601062U";"2025-07-18";"B23Q11/08 
B23Q3/06";"";"2026-08-07";"2026-08-07";"100742229";
"69";"一种压机壳体的铣削加工自动进料装置";"";"";"CN224601133U";"2025-08-26";"B23Q7/00";"";"2026-08-07";"2026-08-07";"100742256";
"70";"CONTROL DEVICE AND CONTROL METHOD";"FUKUI JUNYA [JP] 
YOSHIKAWA NOBUYUKI [JP] 
NAMMOTO TAKASHI [JP] 
SATO GO [JP]";"MITSUBISHI ELECTRIC CORP [JP]";"WO2026163301A1";"2025-01-29";"B23Q15/00 
G05B19/18 
G05D3/12";"";"2026-08-06";"2025-08-18";"096771569";
"71";"一种金属板材切割设备";"";"";"CN224600664U";"2025-05-20";"B23D79/00 
B23Q11/10 
B23Q7/00";"";"2026-08-07";"2026-08-07";"100742043";
"72";"一种数控车床的自动对刀装置";"";"";"CN224600565U";"2025-09-08";"B23B25/06 
B23Q15/22";"";"2026-08-07";"2026-08-07";"100740861";
"73";"一种用于铁盖内孔倒角的连续成型拉床";"";"";"CN224601180U";"2025-09-13";"B23D41/00 
B23Q11/10";"";"2026-08-07";"2026-08-07";"100739183";
"74";"一种自动攻丝机";"";"";"CN224600687U";"2025-08-27";"B23G1/20 
B23G1/44 
B23G11/00 
B23Q3/06";"";"2026-08-07";"2026-08-07";"100736661";
"75";"机床折叠自动门";"";"";"CN224601169U";"2025-08-28";"B23Q11/08";"";"2026-08-07";"2026-08-07";"100735884";
"76";"一种铝板高精度打孔设备";"";"";"CN224600579U";"2025-09-05";"B23B39/12 
B23B39/16 
B23Q1/25";"";"2026-08-07";"2026-08-07";"100749013";
"77";"一种高效高精度的易开盖舌片刻字刀模加工装置";"";"";"CN224600671U";"2025-09-05";"B23D79/00 
B23Q11/00 
B23Q3/06";"";"2026-08-07";"2026-08-07";"100736770";
"78";"一种钢板网拆切装置";"";"";"CN224601005U";"2024-08-29";"B23P23/04 
B23Q7/00";"";"2026-08-07";"2026-08-07";"100743193";
"79";"一种加工汽车中控背板的CNC工装夹具";"";"";"CN224601110U";"2025-09-11";"B23Q3/08";"";"2026-08-07";"2026-08-07";"100746511";
"80";"一种仿形齿轮钳口夹具";"";"";"CN224601057U";"2025-02-21";"B23Q3/06";"";"2026-08-07";"2026-08-07";"100746296";
"81";"一种高耐候性铝蜂窝板材加工设备";"";"";"CN122517711A";"2026-06-20";"B23D79/00 
B23Q3/00";"";"2026-08-07";"2026-08-07";"100754808";
"82";"一种金属带刻痕装置";"";"";"CN224600665U";"2025-06-18";"B23D79/00 
B23Q7/00";"";"2026-08-07";"2026-08-07";"100745249";
"83";"一种泵壳加工组装适配调节装置";"";"";"CN122518259A";"2026-06-23";"B23Q3/06 
B25B11/00 
B25B11/02";"";"2026-08-07";"2026-08-07";"100761982";
"84";"一种盾构管片预制件内埋钢筋氧化层去除机构";"";"";"CN122517708A";"2026-07-01";"B23D69/00 
B23Q11/00 
B23Q11/10 
B23Q7/00 
C23G1/08 
C23G3/00";"";"2026-08-07";"2026-08-07";"100760911";
"85";"一种低导向机床门";"";"";"CN224601170U";"2025-08-28";"B23Q11/08";"";"2026-08-07";"2026-08-07";"100741904";
"86";"POSITIONING FIXTURE FOR INTELLIGENT MANUFACTURING";"YI JIAN [CN]";"LUZHOU VOCATIONAL AND TECHNICAL COLLEGE [CN]";"LU605044B1";"2026-02-05";"B23Q1/00 
B25B1/00 
F16M1/00";"";"2026-08-05";"2026-08-05";"100780870";
"87";"一种方便夹紧型齿轮加工用粗车装置";"";"";"CN224600682U";"2025-08-15";"B23F23/00 
B23Q11/10";"";"2026-08-07";"2026-08-07";"100742402";
"88";"镗床导轨防护罩的安装结构";"";"";"CN224601016U";"2025-08-15";"B23Q1/01 
B23Q11/08";"";"2026-08-07";"2026-08-07";"100735681";
"89";"机床主轴的冷却装置";"";"";"CN224601181U";"2025-07-02";"B23B19/02 
B23Q11/12";"";"2026-08-07";"2026-08-07";"100736936";
"90";"一种汽车车窗升降导轨加工工装";"";"";"CN224601108U";"2025-09-08";"B23P23/04 
B23Q3/08";"";"2026-08-07";"2026-08-07";"100744962";
"91";"一种数控机床用的快速进给机构";"";"";"CN224601126U";"2025-07-01";"B23Q11/08 
B23Q5/00";"";"2026-08-07";"2026-08-07";"100746257";
"92";"一种轴端找正用多驱动同步进给装夹机床及其控制方法";"";"";"CN122518089A";"2026-06-26";"B23Q1/01 
B23Q3/06";"";"2026-08-07";"2026-08-07";"100758881";
"93";"刀具寿命管理方法、系统、装置、设备、介质和程序产品";"";"";"CN122518136A";"2026-04-08";"B23Q17/09 
G05B19/4065";"";"2026-08-07";"2026-08-07";"100755696";
"94";"一种卧式双主轴对钻机床及加工工艺";"";"";"CN122517677A";"2026-07-10";"B23B39/22 
B23B47/18 
B23Q3/06 
B23Q5/40";"";"2026-08-07";"2026-08-07";"100766333";
"95";"一种卧式数控滚齿机的减震缓冲装置";"";"";"CN224600681U";"2025-08-14";"B23F23/00 
B23Q11/00";"";"2026-08-07";"2026-08-07";"100748667";
"96";"一种铣床设备运动安装导轨";"";"";"CN224601014U";"2025-07-07";"B23Q1/01 
B23Q17/00";"";"2026-08-07";"2026-08-07";"100746405";
"97";"一种中驱双头数控车床";"";"";"CN122517669A";"2026-05-29";"B23B25/06 
B23B5/08 
B23Q1/72";"";"2026-08-07";"2026-08-07";"100754546";
"98";"多曲面异形钢精密加工定位装置";"";"";"CN224601099U";"2025-07-31";"B23Q3/08 
B25B11/00";"";"2026-08-07";"2026-08-07";"100740461";
"99";"全自动转子精车机";"";"";"CN224601081U";"2025-09-04";"B23B21/00 
B23Q3/06 
B23Q5/40";"";"2026-08-07";"2026-08-07";"100739436";
"100";"一种带有自动润滑系统的批锋机";"";"";"CN224600667U";"2025-07-05";"B23D79/00 
B23Q11/00 
B23Q11/10 
B23Q11/12";"";"2026-08-07";"2026-08-07";"100738485";
"101";"一种方便定位的打孔工装";"";"";"CN224601076U";"2025-08-22";"B23Q3/06";"";"2026-08-07";"2026-08-07";"100741603";
"102";"涡旋盘多主轴高效加工装置";"";"";"CN224600577U";"2025-07-10";"B23B39/16 
B23B47/00 
B23B47/30 
B23Q3/06";"";"2026-08-07";"2026-08-07";"100740930";
"103";"一种多工位钻孔设备";"";"";"CN224600574U";"2025-07-29";"B23B39/00 
B23Q7/00";"";"2026-08-07";"2026-08-07";"100746399";
"104";"一种动柱单臂式加工中心";"";"";"CN122518079A";"2026-06-30";"B23Q1/01 
B23Q3/155";"";"2026-08-07";"2026-08-07";"100762127";
"105";"一种超长螺栓倒角装置";"";"";"CN122518092A";"2026-07-10";"B23D79/00 
B23Q3/06 
B23Q3/18 
B23Q7/03 
B65G17/12 
B65G17/32";"";"2026-08-07";"2026-08-07";"100768444";
"106";"一种加工装置及加工方法";"";"";"CN122518052A";"2026-07-08";"B23P15/10 
B23P23/02 
B23Q11/00 
B23Q3/06 
B23Q7/02";"";"2026-08-07";"2026-08-07";"100766183";
"107";"一种调速阀阀芯加工用切割设备";"";"";"CN224600627U";"2025-07-02";"B23D19/00 
B23D33/00 
B23Q11/00 
B23Q7/00";"";"2026-08-07";"2026-08-07";"100742529";
"108";"一种硬质合金棒材气悬浮低阻力接料装置";"";"";"CN224601009U";"2025-08-05";"B23P23/04 
B23Q7/00";"";"2026-08-07";"2026-08-07";"100742714";
"109";"一种五金件内侧壁倒边机";"";"";"CN224601162U";"2024-09-23";"B23Q11/08";"";"2026-08-07";"2026-08-07";"100737031";
"110";"一种电动工具配件的加工机构及加工方法";"";"";"CN122517686A";"2026-07-09";"B23C3/00 
B23Q1/25 
B23Q11/00 
B23Q3/00 
B23Q7/00 
B23Q7/04";"";"2026-08-07";"2026-08-07";"100761150";
"111";"一种汽车动力总成壳体零件夹具";"";"";"CN224601048U";"2025-09-11";"B23Q3/00";"";"2026-08-07";"2026-08-07";"100738180";
"112";"一种异形钢板裁切工作台";"";"";"CN224601161U";"2025-10-30";"B08B1/12 
B08B1/16 
B23Q11/00";"";"2026-08-07";"2026-08-07";"100749225";
"113";"一种圆刀复合机刀具磨损状态实时监测与预警装置";"";"";"CN224601186U";"2025-07-08";"B23Q17/09";"";"2026-08-07";"2026-08-07";"100749303";
"114";"一种用于折流板钻孔加工的定位装置";"";"";"CN122518099A";"2026-07-09";"B23B41/00 
B23B47/00 
B23Q1/25 
B23Q3/06 
B23Q3/08";"";"2026-08-07";"2026-08-07";"100750461";
"115";"一种多规格自适应离合器壳体加工夹具";"";"";"CN224601067U";"2025-08-08";"B23Q3/06";"";"2026-08-07";"2026-08-07";"100735555";
"116";"一种深孔铣削设备";"";"";"CN122518129A";"2026-06-25";"B23C3/00 
B23Q11/00 
B23Q11/10 
B23Q3/06";"";"2026-08-07";"2026-08-07";"100754949";
"117";"一种可调节式车床加工件多角度定位支撑夹具";"";"";"CN224601061U";"2025-07-09";"B23Q3/04 
B23Q3/06";"";"2026-08-07";"2026-08-07";"100735585";
"118";"一种铝型材挤出加工用的连续定距切割设备";"";"";"CN224600668U";"2025-08-15";"B23D79/00 
B23Q3/06";"";"2026-08-07";"2026-08-07";"100747642";
"119";"一种多机台协作机床装置";"";"";"CN224601151U";"2025-08-21";"B23Q11/00";"";"2026-08-07";"2026-08-07";"100743498";
"120";"一种网络配线架加工用板材加工装置";"";"";"CN122518041A";"2026-06-01";"B23K10/02 
B23P23/00 
B23Q7/00 
B24B41/00 
B24B55/00 
B24B55/12 
B24B7/06";"";"2026-08-07";"2026-08-07";"100765684";
"121";"一种超大型直线电机可调定子支架结构";"";"";"CN224610575U";"2025-09-15";"B23Q5/28 
H02K1/18 
H02K16/00 
H02K41/02";"";"2026-08-07";"2026-08-07";"100742453";
"122";"一种密封圈加工中心和加工工艺";"";"";"CN122518109A";"2026-04-30";"B23Q11/00 
B23Q3/08 
B23Q5/22 
B23Q5/54 
B23Q7/00 
B23Q7/06";"";"2026-08-07";"2026-08-07";"100762881";
"123";"一种水冷补偿器加工用端口处理装置";"";"";"CN224601012U";"2025-09-09";"B23P23/04 
B23Q3/06 
B23Q7/02";"";"2026-08-07";"2026-08-07";"100747638";
"124";"一种电主轴密封装置";"";"";"CN122517667A";"2026-07-13";"B23B19/02 
B23Q11/08";"";"2026-08-07";"2026-08-07";"100761236";
"125";"一种铣用心轴定位夹具装置";"";"";"CN224601044U";"2025-08-28";"B23Q3/00";"";"2026-08-07";"2026-08-07";"100735751";
"126";"一种用于电驱后端盖的夹紧定位装置";"";"";"CN224601098U";"2025-07-30";"B23Q3/08 
B25B11/00";"";"2026-08-07";"2026-08-07";"100735485";
"127";"一种通用设备制造用切割设备";"";"";"CN224601095U";"2024-10-09";"B23Q3/08";"";"2026-08-07";"2026-08-07";"100746255";
"128";"一种机械加工的机床";"";"";"CN224601024U";"2024-08-29";"B23K37/006 
B23K37/047 
B23Q1/26 
B23Q11/08 
F16P1/06";"";"2026-08-07";"2026-08-07";"100748282";
"129";"一种加工中心异形件快速定位夹具";"";"";"CN224601096U";"2025-03-26";"B23Q3/08";"";"2026-08-07";"2026-08-07";"100749115";
"130";"一种热轧卷板加工一体机";"";"";"CN122518120A";"2026-06-26";"B21D1/02 
B23D15/04 
B23D15/14 
B23D33/02 
B23P23/04 
B23Q11/00 
B65H16/04 
B65H20/02";"";"2026-08-07";"2026-08-07";"100765962";
"131";"一种改善深小孔钻削稳定性的超声振动辅助钻削方法";"";"";"CN122517676A";"2026-05-20";"B23B35/00 
B23Q15/00";"";"2026-08-07";"2026-08-07";"100765397";
"132";"一种不锈钢板加工用的对中装置";"";"";"CN224601033U";"2024-10-25";"B23Q3/00";"";"2026-08-07";"2026-08-07";"100738221";
"133";"一种数控刀盘、数控机床及数控刀盘的分度控制方法";"";"";"CN122518103A";"2026-07-02";"B23Q3/157";"";"2026-08-07";"2026-08-07";"100755102";
"134";"一种U型铝方通管材的生产装置";"";"";"CN224601396U";"2024-08-27";"B23Q7/00 
B25B11/00 
B25J15/00";"";"2026-08-07";"2026-08-07";"100737977";
"135";"对位压紧机构";"";"";"CN224601109U";"2025-09-10";"B23Q3/08";"";"2026-08-07";"2026-08-07";"100735808";
"136";"一种置于机床内部的连杆开合门";"";"";"CN122518125A";"2026-06-26";"B23Q11/00 
B23Q11/08 
B23Q17/00 
B23Q5/00";"";"2026-08-07";"2026-08-07";"100758856";
"137";"刀具柄型结构及钢板钻";"";"";"CN224601049U";"2025-09-15";"B23B47/00 
B23Q3/00";"";"2026-08-07";"2026-08-07";"100745555";
"138";"一种四轴头箱";"";"";"CN224601127U";"2025-09-04";"B23Q11/08 
B23Q11/12 
B23Q5/04";"";"2026-08-07";"2026-08-07";"100742709";
"139";"TOOL-REPLACING DEVICE";"ISOBE GAKU [JP]";"FANUC CORP [JP]";"WO2026163310A1";"2025-01-29";"B23Q3/155";"";"2026-08-06";"2026-08-06";"100769972";
"140";"一种磁吸式快速换刀工具";"";"";"CN224600645U";"2025-04-23";"B23D35/00 
B23Q5/10 
B26D1/15 
B26D7/26";"";"2026-08-07";"2026-08-07";"100738888";
"141";"CNC加工过程中的智能安全防护方法及系统";"";"";"CN122526107A";"2026-05-29";"B23Q11/00 
G05B19/4065";"";"2026-08-07";"2026-08-07";"100752730";
"142";"DREHWERKZEUGHALTER, DREHWERKZEUG, DREHMASCHINE UND DREHVERFAHREN HIERMIT";"SÖHNGEN SWEN [DE] 
SCHMIDT MARKUS [DE] 
HABERMEHL TOBIAS [DE] 
WALLENDORF STEFFEN [DE] 
SCHLICHT MAXIMILIAN [DE] 
SEIFRIED STEFAN [DE]";"OPTOTECH OPTIKMASCH GMBH [DE] 
SOEHNGEN SWEN [DE] 
SCHMIDT MARKUS [DE] 
HABERMEHL TOBIAS [DE] 
WALLENDORF STEFFEN [DE] 
SCHLICHT MAXIMILIAN [DE] 
SEIFRIED STEFAN [DE]";"WO2026162129A1";"2025-01-29";"B23B27/10 
B23B29/04 
B23Q11/10";"B23B27/10 (EP) 
B23B29/046 (EP) 
B23B2215/40 (EP) 
B23B2250/12 (EP)";"2026-08-06";"2026-08-06";"094480903";
"143";"一种伸缩式导向钻孔装置";"";"";"CN224600600U";"2025-09-09";"B23B41/02 
B23B47/06 
B23B47/20 
B23B49/00 
B23Q11/00 
B23Q11/10";"";"2026-08-07";"2026-08-07";"100735458";
"144";"一种大型船舶用船轴生产加工装置及其加工方法";"";"";"CN122518094A";"2026-06-03";"B09B3/20 
B09B3/30 
B23Q11/00 
B23Q17/22 
B23Q17/24 
B23Q3/08";"";"2026-08-07";"2026-08-07";"100752616";
"145";"一种CNC加工系统及加工方法";"";"";"CN122518113A";"2026-05-29";"B23Q3/06 
B23Q7/04";"";"2026-08-07";"2026-08-07";"100763553";
"146";"一种五轴双头切割机";"";"";"CN224601022U";"2025-08-06";"B23Q1/25 
B23Q3/155 
B23Q3/157";"";"2026-08-07";"2026-08-07";"100745887";
"147";"一种气缸夹具结构";"";"";"CN224601102U";"2025-08-18";"B23Q3/08";"";"2026-08-07";"2026-08-07";"100736642";
"148";"一种节能型铝门窗数控切割机的主传动结构";"";"";"CN224600840U";"2025-09-09";"B23K37/02 
B23Q1/25 
B23Q5/40";"";"2026-08-07";"2026-08-07";"100741894";
"149";"一种用于清理加工中铜屑的管路";"";"";"CN224601152U";"2025-08-26";"B23Q11/00";"";"2026-08-07";"2026-08-07";"100737995";
"150";"一种高压电缆屏蔽层一体化剥切打磨装置";"";"";"CN122532797A";"2026-03-23";"B23P23/04 
B23Q3/06 
H02G1/12";"";"2026-08-07";"2026-08-07";"100766654";
"151";"一种换刀臂以及换刀机构";"";"";"CN224601118U";"2025-06-30";"B23Q3/155";"";"2026-08-07";"2026-08-07";"100741291";
"152";"一种辙叉加工用自动翻转装置";"";"";"CN224601085U";"2025-09-09";"B23Q15/26 
B23Q17/00 
B23Q3/06";"";"2026-08-07";"2026-08-07";"100738175";
"153";"一种自清洁气动夹具";"";"";"CN224601111U";"2025-09-16";"B08B5/02 
B23Q11/00 
B23Q3/08";"";"2026-08-07";"2026-08-07";"100745179";
"154";"一种船用大功率柴油机缸盖斜孔的加工工装";"";"";"CN224600597U";"2025-07-23";"B23B47/28 
B23Q3/06";"";"2026-08-07";"2026-08-07";"100737375";
"155";"一种加工中心排屑清理设备";"";"";"CN224601147U";"2025-06-20";"B23Q11/00";"";"2026-08-07";"2026-08-07";"100748669";
"156";"一种用于钻尾螺丝的加工工装";"";"";"CN224601059U";"2025-07-03";"B23Q3/06";"";"2026-08-07";"2026-08-07";"100737919";
"157";"一种数控机床主轴调节设备";"";"";"CN122517666A";"2026-05-25";"B23B19/02 
B23Q11/12";"";"2026-08-07";"2026-08-07";"100760277";
"158";"吊钩柄部螺纹车削工装";"";"";"CN224601035U";"2025-06-19";"B23G1/44 
B23Q3/00";"";"2026-08-07";"2026-08-07";"100739626";
"159";"貼着方法、テープ貼着装置、及び、デバイスチップの製造方法";"";"";"JP2026126893A";"2025-01-24";"B23Q3/08 
H10P58/00 
H10P72/70";"";"2026-08-05";"2026-08-05";"100774690";
"160";"一种单轴叶轮加工数控车铣复合加工机床";"";"";"CN122518111A";"2026-06-29";"B23P23/02 
B23Q7/00";"";"2026-08-07";"2026-08-07";"100765970";
"161";"一种冷切飞锯用夹具";"";"";"CN224600651U";"2024-09-19";"B23D45/18 
B23D47/04 
B23D59/00 
B23Q1/00 
B23Q11/08";"";"2026-08-07";"2026-08-07";"100748787";
"162";"一种空调管阀芯装配机构";"";"";"CN224600972U";"2025-08-29";"B23P19/04 
B23Q11/12";"";"2026-08-07";"2026-08-07";"100737419";
"163";"一种T铁上料切边装置";"";"";"CN224600638U";"2025-07-10";"B23D27/00 
B23D33/10 
B23Q7/00";"";"2026-08-07";"2026-08-07";"100745188";
"164";"一种气缸加工装夹装置";"";"";"CN224601032U";"2024-10-10";"B23Q3/00";"";"2026-08-07";"2026-08-07";"100740324";
"165";"具有协同控制能力的单点金刚石车床主轴系统及控制方法";"";"";"CN122517665A";"2026-05-14";"B23B19/02 
B23Q11/08 
B23Q11/12 
B23Q15/08 
B23Q17/00 
B23Q17/10 
B23Q17/12 
B23Q3/08 
B23Q3/12 
G05D27/02";"";"2026-08-07";"2026-08-07";"100754153";
"166";"一种精密多级导轨装置";"";"";"CN224601132U";"2025-08-16";"B23Q7/00";"";"2026-08-07";"2026-08-07";"100738357";
"167";"一种农机犁头犁柱多工位钻孔攻丝组合设备";"";"";"CN122518050A";"2026-06-29";"B23P23/02 
B23Q11/08 
B23Q3/00 
B23Q3/155 
B23Q3/157";"";"2026-08-07";"2026-08-07";"100755011";
"168";"铁屑的分离方法及铁屑储存箱的制造方法";"";"";"CN122519618A";"2023-05-24";"B01D29/03 
B01D36/04 
B65D25/24 
B65D6/08 
B65D6/32";"B23Q11/00 (CN) 
B23Q11/1069 (CN) 
Y02P70/10 (EP)";"2026-08-07";"2023-07-04";"086967819";
"169";"一种具有冲洗功能的锻件加工钻床";"";"";"CN224600586U";"2024-11-29";"B23B41/00 
B23Q11/00 
B23Q3/06";"";"2026-08-07";"2026-08-07";"100742361";
"170";"一种水泵后盖密封面加工固定装置";"";"";"CN224601077U";"2025-08-26";"B23Q3/06 
B25B11/00";"";"2026-08-07";"2026-08-07";"100739141";
"171";"一种防偏移的机械加工输送带";"";"";"CN224601130U";"2024-10-11";"B23Q7/00";"";"2026-08-07";"2026-08-07";"100744368";
"172";"一种基于汽车生产的手动双工位正面上料机";"";"";"CN122518080A";"2026-06-23";"B23Q1/25 
B23Q1/56 
B23Q11/00 
B23Q11/08";"";"2026-08-07";"2026-08-07";"100750027";
"173";"一种汽车转向节加工用车削装置";"";"";"CN122517660A";"2026-05-14";"B23B25/00 
B23B5/00 
B23Q11/00 
B23Q3/00";"";"2026-08-07";"2026-08-07";"100769076";
"174";"一种用于球头销车削的固定工装";"";"";"CN224601074U";"2025-08-20";"B23Q3/06";"";"2026-08-07";"2026-08-07";"100737424";
"175";"用于加工细长套端面的装夹工装";"";"";"CN224601116U";"2025-09-17";"B23Q3/14";"";"2026-08-07";"2026-08-07";"100748678";
"176";"一种五轴加工中心用减震底座";"";"";"CN224601017U";"2025-09-03";"B23Q1/01 
B23Q11/00";"";"2026-08-07";"2026-08-07";"100742565";
"177";"工作機械の切削液浸入防止構造";"";"";"JP2026126925A";"2025-01-24";"B23Q11/08 
B23Q7/00";"";"2026-08-05";"2026-08-05";"100774681";
"178";"一种耐磨衬板生产用高精度钻孔机";"";"";"CN224600588U";"2025-08-25";"B23B41/00 
B23B47/20 
B23Q3/06 
B23Q7/02";"";"2026-08-07";"2026-08-07";"100744525";
"179";"一种数控机床用降噪门";"";"";"CN224601149U";"2025-07-30";"B23Q11/00 
B23Q11/08";"";"2026-08-07";"2026-08-07";"100739880";
"180";"一种新能源汽车电池盖板焊接夹具";"";"";"CN224601117U";"2025-09-11";"B23Q3/154";"";"2026-08-07";"2026-08-07";"100741778";
"181";"一种基于人工智能的金属零部件切割装置";"";"";"CN224600624U";"2025-03-04";"B23D19/00 
B23D33/02 
B23Q11/00";"";"2026-08-07";"2026-08-07";"100740597";
"182";"HSK动力刀座";"";"";"CN224601036U";"2025-06-25";"B23Q11/12 
B23Q3/00";"";"2026-08-07";"2026-08-07";"100739589";
"183";"一种刀具调节结构及机械加工装置";"";"";"CN224601185U";"2025-08-24";"B23Q15/22 
B23Q15/26";"";"2026-08-07";"2026-08-07";"100738727";
"184";"一种螺机筒节卧车装夹工装";"";"";"CN224601114U";"2025-08-28";"B23B23/00 
B23Q3/12";"";"2026-08-07";"2026-08-07";"100740706";
"185";"一种薄壳工件端面切削加工夹具";"";"";"CN224601070U";"2025-08-12";"B23Q3/06";"";"2026-08-07";"2026-08-07";"100743378";
"186";"一种柔性定心装夹工装及柔性定心装方法";"";"";"CN122518086A";"2026-05-29";"B23Q3/06 
B23Q3/18";"";"2026-08-07";"2026-08-07";"100758417";
"187";"一种风力发电机塔筒法兰钻孔装置";"";"";"CN122518124A";"2026-06-16";"B23B31/40 
B23B41/00 
B23Q11/08";"";"2026-08-07";"2026-08-07";"100758601";
"188";"一种数控钻铣复合机床";"";"";"CN122518053A";"2026-07-08";"B23P23/02 
B23Q3/157 
B23Q7/00";"";"2026-08-07";"2026-08-07";"100767753";
"189";"一种基于协同送料与车磨复合加工的刹车盘全自动生产线";"";"";"CN224601006U";"2025-07-03";"B23P23/04 
B23Q7/00";"";"2026-08-07";"2026-08-07";"100737352";
"190";"一种用于加工高压开关底座的工装";"";"";"CN224601080U";"2025-09-01";"B23B47/00 
B23Q3/06";"";"2026-08-07";"2026-08-07";"100744920";
"191";"一种用于轴类工件加工的自定心定位支撑装置";"";"";"CN122517668A";"2026-06-17";"B23B25/00 
B23Q3/08";"";"2026-08-07";"2026-08-07";"100769337";
"192";"一种批锋机的可调节刀架机构";"";"";"CN224601021U";"2025-07-31";"B23D79/00 
B23Q1/25 
B23Q11/00 
B23Q3/00 
B26D7/22 
B26D7/26";"";"2026-08-07";"2026-08-07";"100744899";
"193";"一种多加工平台金属切割机";"";"";"CN224600675U";"2025-09-11";"B23D79/00 
B23Q11/00 
B23Q7/00";"";"2026-08-07";"2026-08-07";"100744384";
"194";"一种L型材多件加工夹具";"";"";"CN224601092U";"2025-09-16";"B23Q3/06";"";"2026-08-07";"2026-08-07";"100742267";
"195";"一种模具制造智能切削装置";"";"";"CN122517688A";"2026-04-28";"B23C3/20 
B23Q1/26 
B23Q11/08";"";"2026-08-07";"2026-08-07";"100762784";
"196";"一种深沟球轴承加工用切割设备";"";"";"CN122517699A";"2026-07-09";"B23D21/00 
B23D33/00 
B23D33/02 
B23Q3/00 
B23Q3/06";"";"2026-08-07";"2026-08-07";"100767852";
"197";"一种刀库";"";"";"CN224601120U";"2025-08-20";"B23Q3/155";"";"2026-08-07";"2026-08-07";"100744470";
"198";"一种轴承座端面铣削与钻孔组合加工设备";"";"";"CN122518044A";"2026-05-21";"B23P23/02 
B23Q17/20 
B23Q17/24";"";"2026-08-07";"2026-08-07";"100763414";
"199";"一种人防门用闭锁座镗孔工装";"";"";"CN224601087U";"2025-09-10";"B23Q3/06";"";"2026-08-07";"2026-08-07";"100735299";
"200";"一种摩托车轮毂加工用的轮毂固定装置";"";"";"CN224601088U";"2025-09-11";"B23Q17/00 
B23Q3/06";"";"2026-08-07";"2026-08-07";"100738235";
"201";"一种五金加工用夹紧机构";"";"";"CN224601028U";"2024-08-26";"B23Q3/00";"";"2026-08-07";"2026-08-07";"100740717";
"202";"OBJECT HOLDER AND METHODS OF MANUFACTURE";"HANTON LINCOLN T J [CA] 
HILDEBRAND ALAN R [CA]";"HANTON LINCOLN T J [CA] 
HILDEBRAND ALAN R [CA]";"WO2026161965A1";"2025-01-31";"B23Q1/03 
B25B1/20 
B25B1/24 
B25B11/00";"";"2026-08-06";"2026-08-06";"100771118";
"203";"一种多工件气动固定装置";"";"";"CN224601043U";"2025-08-26";"B23Q3/00 
B23Q7/00";"";"2026-08-07";"2026-08-07";"100744823";
"204";"双头倒角机全自动送料定位方法及系统";"";"";"CN122518110A";"2026-06-16";"B23Q7/00 
B65G53/34 
B65G53/58 
B65G53/66";"";"2026-08-07";"2026-08-07";"100754780";
"205";"一种复合式车铣复合加工中心装置";"";"";"CN122518108A";"2026-06-22";"B23P23/02 
B23Q5/40";"";"2026-08-07";"2026-08-07";"100757061";
"206";"一种滚齿机自适应毛刺清除与冷却联动装置";"";"";"CN122517717A";"2026-06-10";"B23F19/00 
B23F23/00 
B23Q11/10 
B24B55/02";"";"2026-08-07";"2026-08-07";"100756866";
"207";"一种建筑铝模板自动化冲孔切割一体化加工设备";"";"";"CN122518060A";"2026-06-02";"B23D59/00 
B23D59/02 
B23P23/04 
B23Q3/06 
B23Q7/00";"";"2026-08-07";"2026-08-07";"100765670";
"208";"一种具有定位功能的开孔装置";"";"";"CN224600584U";"2024-09-28";"B23B41/00 
B23Q11/00 
B23Q11/08 
B23Q7/00";"";"2026-08-07";"2026-08-07";"100742737";
"209";"一种线槽切割设备";"";"";"CN224600629U";"2025-08-28";"B23D19/00 
B23D33/00 
B23D33/02 
B23Q11/00";"";"2026-08-07";"2026-08-07";"100736589";
"210";"一种可多工件同步加工的转台式数控铣床";"";"";"CN122517682A";"2026-05-09";"B23C1/14 
B23Q11/00 
B23Q11/08 
B23Q17/22 
B23Q3/06 
B23Q3/18";"";"2026-08-07";"2026-08-07";"100761542";
"211";"一种回转工作台重复定位校验方法";"";"";"CN122518139A";"2026-05-26";"B23Q1/25 
B23Q17/24";"";"2026-08-07";"2026-08-07";"100763472";
"212";"一种传动轴自动化生产线设备";"";"";"CN122518115A";"2026-05-15";"B23P23/06 
B23Q17/00 
B23Q7/14";"";"2026-08-07";"2026-08-07";"100754281";
"213";"用于合金钢切割加工的锁止定位装置";"";"";"CN224600644U";"2025-09-12";"B23D33/02 
B23Q11/00";"";"2026-08-07";"2026-08-07";"100739489";
"214";"一种异形工件弹性装夹装置";"";"";"CN224601097U";"2025-07-23";"B23Q3/08";"";"2026-08-07";"2026-08-07";"100735297";
"215";"一种双工位钻攻中心";"";"";"CN224601002U";"2025-04-27";"B23P23/02 
B23Q1/01 
B23Q3/08 
B23Q5/00";"";"2026-08-07";"2026-08-07";"100749308";
"216";"一种车辆蒙皮切割装置";"";"";"CN224600625U";"2025-06-09";"B23D19/00 
B23D33/00 
B23D33/02 
B23Q11/00";"";"2026-08-07";"2026-08-07";"100735622";
"217";"一种车磨机床刀架对刀工具";"";"";"CN224601184U";"2025-09-09";"B23P23/04 
B23Q15/22";"";"2026-08-07";"2026-08-07";"100738810";
"218";"一种可调节的油锯导板夹具";"";"";"CN224601083U";"2025-09-09";"B23Q1/25 
B23Q3/06";"";"2026-08-07";"2026-08-07";"100742816";
"219";"一种新型环绕冷却型热缩刀柄机构";"";"";"CN224601182U";"2025-07-08";"B23Q11/12";"";"2026-08-07";"2026-08-07";"100739991";
"220";"一种可旋转的铣削胎具";"";"";"CN224601071U";"2025-08-13";"B23Q1/25 
B23Q3/06 
B25J11/00";"";"2026-08-07";"2026-08-07";"100740563";
"221";"一种钢构件坡口加工铣切装置";"";"";"CN122517685A";"2026-07-01";"B23C3/00 
B23Q11/00 
B23Q11/08";"";"2026-08-07";"2026-08-07";"100757192";
"222";"一种小型行星轮减速机壳体的加工设备";"";"";"CN224600661U";"2024-08-29";"B23D79/00 
B23Q11/00 
B23Q11/08 
B23Q3/08";"";"2026-08-07";"2026-08-07";"100742538";
"223";"一种铸造机械用废料回收收集设备";"";"";"CN224601144U";"2024-10-17";"B23Q11/00 
B23Q3/00";"";"2026-08-07";"2026-08-07";"100741037";
"224";"一种激光跟踪仪铣床用工装及其测量方法";"";"";"CN122518141A";"2026-06-23";"B23C9/00 
B23Q17/20 
B23Q17/24";"";"2026-08-07";"2026-08-07";"100765922";
"225";"一种阀门生产用阀门碎屑回收装置";"";"";"CN224601139U";"2024-08-23";"B23Q11/00";"";"2026-08-07";"2026-08-07";"100742793";
"226";"一种适配立式加工中心带双螺旋排屑机的切削液水箱";"";"";"CN224601153U";"2025-09-01";"B23Q11/00 
B23Q11/10";"";"2026-08-07";"2026-08-07";"100738984";
"227";"一种轴料加工用数控龙门式钻铣磨组合加工设备";"";"";"CN122518070A";"2026-07-01";"B23P23/04 
B23Q11/00 
B23Q11/10";"";"2026-08-07";"2026-08-07";"100766041";
"228";"一种汽车挡泥板生产用工装";"";"";"CN122518093A";"2026-06-03";"B23B41/00 
B23Q17/22 
B23Q3/08";"";"2026-08-07";"2026-08-07";"100760497";
"229";"一种连杆加工工装";"";"";"CN224601082U";"2025-09-05";"B23Q3/06";"";"2026-08-07";"2026-08-07";"100735805";
"230";"一种铝制品加工用的碎屑收集装置";"";"";"CN224601160U";"2025-09-15";"B23Q11/00";"";"2026-08-07";"2026-08-07";"100743958";
"231";"一种小规格粉末丝锥多工序加工的通用微型夹具及方法";"";"";"CN122518236A";"2026-07-06";"B23Q3/06 
B23Q3/10 
B24B41/06";"";"2026-08-07";"2026-08-07";"100755150";
"232";"一种钢轨制孔加工用夹持组件";"";"";"CN224601063U";"2025-07-18";"B23Q11/00 
B23Q11/08 
B23Q3/06";"";"2026-08-07";"2026-08-07";"100735179";
"233";"一种用于标牌制造的剪圆机";"";"";"CN224600623U";"2024-08-26";"B23D17/04 
B23D35/00 
B23Q11/08";"";"2026-08-07";"2026-08-07";"100743887";
"234";"一种双向加工夹具";"";"";"CN224601084U";"2025-09-08";"B23B47/00 
B23Q3/06";"";"2026-08-07";"2026-08-07";"100743441";
"235";"一种活塞杆加工装置";"";"";"CN224601073U";"2025-08-20";"B23Q3/06";"";"2026-08-07";"2026-08-07";"100735464";
"236";"一种方便检修的机床护罩";"";"";"CN224601171U";"2025-09-09";"B23Q11/08";"";"2026-08-07";"2026-08-07";"100742362";
"237";"一种机械加工零件上料机构";"";"";"CN224601137U";"2025-08-05";"B23Q7/04 
B25J15/06 
B65G47/91";"";"2026-08-07";"2026-08-07";"100746483";
"238";"具备五轴联动控制与四主轴独立控制功能的复合加工系统";"";"";"CN224600561U";"2025-07-21";"B23B19/02 
B23Q1/25 
B23Q3/06 
B25J5/00";"";"2026-08-07";"2026-08-07";"100749111";
"239";"一种机械设计制造用机械加工切割装置";"";"";"CN122518101A";"2026-05-15";"B23D19/00 
B23Q11/08 
B23Q17/00 
B23Q17/09 
B23Q3/06 
B23Q3/155";"";"2026-08-07";"2026-08-07";"100754167";
"240";"一种废旧铅酸蓄电池拆解回收装置及工艺";"";"";"CN122518087A";"2026-05-29";"B09B3/35 
B23Q1/25 
B23Q3/06 
H01M10/06 
H01M10/54";"";"2026-08-07";"2026-08-07";"100758433";
"241";"一种电缆夹具打磨装置";"";"";"CN224600580U";"2025-09-08";"B23B39/16 
B23B47/00 
B23B47/20 
B23Q3/08";"";"2026-08-07";"2026-08-07";"100736395";
"242";"一种可快速拆卸的CNC机床夹具";"";"";"CN122518088A";"2026-06-17";"B23Q1/25 
B23Q3/06";"";"2026-08-07";"2026-08-07";"100769324";
"243";"一种基于机器触觉的连杆精加工系统及使用方法";"";"";"CN122518067A";"2026-06-24";"B23P23/04 
B23Q15/16 
B23Q17/09 
B23Q3/08 
B24B41/00 
B24B49/16 
B24B51/00 
B24B9/04";"";"2026-08-07";"2026-08-07";"100768186";
"244";"一种气动攻牙机支撑装置";"";"";"CN224600691U";"2025-09-15";"B23G1/44 
B23Q1/01";"";"2026-08-07";"2026-08-07";"100739457";
"245";"一种钻头换刀工装";"";"";"CN224601034U";"2025-06-18";"B23Q3/00";"";"2026-08-07";"2026-08-07";"100749436";
"246";"一种水暖阀门组合机床刀头的TC4钛合金密封结构";"";"";"CN224601112U";"2025-07-08";"B23Q11/08 
B23Q3/12";"";"2026-08-07";"2026-08-07";"100736025";
"247";"一种带激光对位标记的阶梯钻头";"";"";"CN224600602U";"2025-07-07";"B23B51/00 
B23B51/12 
B23Q17/24";"";"2026-08-07";"2026-08-07";"100746305";
"248";"一种数控四轴转台定位结构";"";"";"CN224601078U";"2025-08-27";"B23Q1/25 
B23Q3/06";"";"2026-08-07";"2026-08-07";"100741407";
"249";"一种机械加工用冷却液循环装置";"";"";"CN224601176U";"2025-07-01";"B23Q11/10";"";"2026-08-07";"2026-08-07";"100740784";
"250";"一种扩大钻孔设备加工范围的工装";"";"";"CN224601051U";"2025-07-09";"B23Q3/02";"";"2026-08-07";"2026-08-07";"100741953";
"251";"一种用于铝材加工的定点切割装置";"";"";"CN224601093U";"2025-09-15";"B23Q1/25 
B23Q3/06";"";"2026-08-07";"2026-08-07";"100745604";
"252";"一种车铣复合刀库链条与刀座";"";"";"CN224601122U";"2025-09-17";"B23Q3/155";"";"2026-08-07";"2026-08-07";"100741690";
"253";"一种转盘切割机防护机构";"";"";"CN224601168U";"2025-08-27";"B23D45/00 
B23D59/00 
B23Q11/08";"";"2026-08-07";"2026-08-07";"100741899";
"254";"用于加工由塑料制成的光学工件、特别是眼镜镜片的机器";"";"";"CN122517687A";"2025-02-07";"B23C3/12 
B23Q11/08 
B23Q11/10 
B23Q3/06";"B24B13/0037 (EP) 
B29D11/00009 (EP) 
B29D11/00423 (EP) 
B29D11/00932 (EP)";"2026-08-07";"2026-08-07";"098656239";
"255";"WERKZEUGVERSCHLEISSÜBERWACHUNGSSYSTEM";"CHIRICO DAVIDE [IT] 
DI DONATO GIUSTINA [IT] 
GALLO NICOLA [IT] 
LEONE FABRIZIO [IT] 
METRANGOLO ALESSANDRA [IT]";"LEONARDO SPA [IT]";"EP4787094A1";"2025-01-31";"G05B19/4065 
G06N3/02";"G05B19/4065 (EP) 
G06N3/02 (EP) 
G06N3/045 (EP) 
G06N3/08 (EP) 
G06N3/084 (EP) 
G06N3/088 (EP) 
B23Q17/098 (EP) 
G05B2219/37337 (EP)";"2026-08-05";"2026-08-05";"095249141";
"256";"一种刀保持架定位治具";"";"";"CN224601047U";"2025-09-11";"B23Q3/00";"";"2026-08-07";"2026-08-07";"100748629";
"257";"一种具备物料回收结构的数控车床";"";"";"CN224601134U";"2025-09-12";"B23Q7/00 
B23Q7/02";"";"2026-08-07";"2026-08-07";"100743416";
"258";"一种金属切削机床用切削液循环过滤装置";"";"";"CN224601175U";"2025-06-30";"B01D33/03 
B01D33/41 
B01D33/80 
B23Q11/10";"";"2026-08-07";"2026-08-07";"100745431";
"259";"一种机械轴类零件同轴度校正加工工艺";"";"";"CN122518121A";"2026-06-29";"B23Q1/25 
B23Q11/00 
B23Q17/20";"";"2026-08-07";"2026-08-07";"100753145";
"260";"一种用于偏心零件加工的基准转移工艺方法";"";"";"CN122517975A";"2026-05-29";"B23P15/00 
B23Q17/22 
B23Q3/06";"";"2026-08-07";"2026-08-07";"100756619";
"261";"一种断路器母排倒角机";"";"";"CN224600673U";"2025-09-10";"B23D79/00 
B23Q11/00 
B23Q3/08";"";"2026-08-07";"2026-08-07";"100746743";
"262";"一种基于光栅投影图像处理的硬质合金刀具磨损监测方法及系统";"";"";"CN122523992A";"2026-05-14";"B23Q17/09 
G01B11/24 
G06T17/00 
G06T5/73";"";"2026-08-07";"2026-08-07";"100758001";
"263";"一种光伏设备加工用夹持结构";"";"";"CN224601030U";"2024-09-04";"B23Q3/00";"";"2026-08-07";"2026-08-07";"100745679";
"264";"一种金属材料制作用开槽装置";"";"";"CN224600670U";"2025-08-29";"B23D79/00 
B23Q3/06";"";"2026-08-07";"2026-08-07";"100746104";
"265";"防护支撑两用式充电链锯";"";"";"CN224600657U";"2025-08-01";"B23D57/02 
B23Q11/08";"";"2026-08-07";"2026-08-07";"100736916";
"266";"一种多功能液压夹具及操作方法";"";"";"CN122518096A";"2026-06-23";"B23Q3/08";"";"2026-08-07";"2026-08-07";"100757114";
"267";"一种加工中心钻孔液压夹具";"";"";"CN122518098A";"2026-07-09";"B23Q3/08 
B23Q3/18";"";"2026-08-07";"2026-08-07";"100769459";
"268";"一种直缝焊管无毛刺精密切割装置";"";"";"CN122517694A";"2026-05-06";"B23D19/00 
B23D21/00 
B23D33/02 
B23Q11/00";"";"2026-08-07";"2026-08-07";"100757854";
"269";"一种自适应居中模块化电力金具加工弹性夹具";"";"";"CN122518083A";"2026-07-07";"B23Q3/00";"";"2026-08-07";"2026-08-07";"100761019";
"270";"一种金属棒料分切装置";"";"";"CN224600674U";"2025-09-11";"B23D79/00 
B23Q3/08 
B23Q7/00 
B23Q7/10";"";"2026-08-07";"2026-08-07";"100735974";
"271";"一种紧固件加工用生产开孔装置及其加工方法";"";"";"CN122518061A";"2026-06-09";"B23P23/04 
B23Q11/10 
B23Q3/06";"";"2026-08-07";"2026-08-07";"100760589";
"272";"THERMISCHE VERSCHIEBUNGSKOMPENSATION FÜR EDM-MASCHINE";"MONTI FILIPPO [IT] 
BONINI STEFANO [CH]";"AGIE CHARMILLES SA [CH]";"EP4787092A1";"2025-01-30";"G05B19/404";"B23H7/20 (EP) 
B23H9/006 (EP) 
G05B19/404 (EP) 
B23H1/00 (EP) 
B23H7/18 (EP) 
B23Q15/18 (EP) 
G05B2219/45221 (EP) 
G05B2219/49206 (EP) 
G05B2219/49207 (EP) 
G05B2219/49219 (EP)";"2026-08-05";"2026-08-05";"094476156";
"273";"一种磁铁加工用打孔装置";"";"";"CN224600573U";"2024-10-14";"B23B39/00 
B23Q1/26 
B23Q7/00 
B23Q7/14";"";"2026-08-07";"2026-08-07";"100740226";
"274";"中心出水数控机床松刀时旋转接头不动机构";"";"";"CN224601119U";"2025-07-01";"B23Q11/10 
B23Q3/155";"";"2026-08-07";"2026-08-07";"100740180";
"275";"一种腔体内侧焊缝重熔与磨削的自动化生产线";"";"";"CN122518142A";"2026-07-09";"B08B1/10 
B08B1/30 
B08B15/04 
B08B5/02 
B23K37/08 
B23Q41/00 
B24B21/00 
B24B21/18 
B24B53/10 
B24B55/08 
B25J11/00 
B25J9/00";"";"2026-08-07";"2026-08-07";"100755283";
"276";"一种钢带裁剪设备";"";"";"CN122518049A";"2026-06-26";"B23D33/00 
B23D33/02 
B23P23/02 
B23Q17/00";"";"2026-08-07";"2026-08-07";"100757148";
"277";"一种用于异形零件加工的立式车床夹具";"";"";"CN224601069U";"2025-08-11";"B23Q3/06";"";"2026-08-07";"2026-08-07";"100735912";
"278";"一种可调节式数控机床导轨防护罩装置";"";"";"CN224601167U";"2025-08-18";"B23Q11/00 
B23Q11/08";"";"2026-08-07";"2026-08-07";"100736848";
"279";"一种机械零部件加工用自动定位装置";"";"";"CN224601055U";"2024-10-10";"B23Q1/25 
B23Q3/06";"";"2026-08-07";"2026-08-07";"100740489";
"280";"AUTOMATISIERTE KALIBRIERUNG DES MITTELPUNKTS EINES WERKZEUGS";"MOON WHITNEY [US] 
FOSSETT RYAN [US] 
ROGERS TYLER [US] 
TEWELL RYAN [US] 
ABRAMS CHARLES ALLEN [US]";"BACA SYSTEMS LLC [US]";"EP4784339A1";"2023-09-26";"B23Q15/22 
B23Q17/22 
B23Q3/16 
B25J9/16 
G01B5/008 
G05B19/402";"B25J11/0055 (EP,US) 
B25J9/1664 (EP,US) 
B25J9/1692 (EP,US)";"2026-08-05";"2025-03-27";"095068236";
"281";"BELEUCHTUNGSMODUL, PRODUKTE UND SYSTEM";"SCHWARZ DANIEL L [US]";"BLACK & DECKER INC [US]";"EP4784946A1";"2023-09-26";"F21K9/20 
F21V15/01 
F21V31/00 
F21V7/04 
H05K7/20 
F21Y115/10";"B23Q17/2404 (US) 
B25F5/00 (EP) 
F21S9/02 (EP) 
F21V23/005 (EP,US) 
F21V33/0084 (EP,US) 
F21W2131/1005 (EP) 
F21Y2115/10 (EP,US)";"2026-08-05";"2025-03-27";"095202076";
"282";"一种铝型材加工用钻铣中心";"";"";"CN224601004U";"2025-09-12";"B23P23/02 
B23Q11/10 
B23Q17/00 
B23Q17/22 
B23Q3/06";"";"2026-08-07";"2026-08-07";"100742079";
"283";"一种可调扩压器叶片组合加工定位装置";"";"";"CN122518064A";"2026-06-23";"B23K37/00 
B23K37/04 
B23P23/04 
B23Q3/06";"";"2026-08-07";"2026-08-07";"100769338";
"284";"一种用于端子压接的自动积尘装置";"";"";"CN224600143U";"2025-07-24";"B01D46/10 
B01D46/52 
B01D46/76 
B08B15/04 
B23Q11/00";"";"2026-08-07";"2026-08-07";"100747406";
"285";"一种车床工作台用供油检测报警装置";"";"";"CN224609536U";"2025-07-28";"B23Q11/00 
B23Q17/00 
G08B21/18 
G08B7/06";"";"2026-08-07";"2026-08-07";"100747247";
"286";"一种板带纵剪压宽度可调整设备";"";"";"CN122518126A";"2026-06-05";"B23D19/00 
B23D35/00 
B23Q11/10";"";"2026-08-07";"2026-08-07";"100760546";
"287";"SYSTEM AND METHOD OF PREPARING A METAL OBJECT FOR MACHINING";"BIRMAN IDAN [IL]";"TECHJET AEROFOILS LTD [IL]";"WO2026163203A1";"2025-01-29";"B23Q3/06 
B23Q3/08";"B22D19/009 (EP,US) 
B22D25/02 (EP,US) 
B22D29/003 (EP,US) 
B22D31/002 (EP) 
B23P15/02 (EP,US) 
B22C9/22 (EP,US) 
B22D17/2076 (EP,US) 
B22D19/10 (EP,US) 
Y10T29/49799 (US) 
Y10T29/49812 (US) 
Y10T29/49989 (US)";"2026-08-06";"2025-08-12";"096661962";
"288";"自夹式旋转台";"";"";"CN224601101U";"2025-08-12";"B23Q1/25 
B23Q3/08";"";"2026-08-07";"2026-08-07";"100741350";
"289";"一种冲压件加工用钻孔装置";"";"";"CN224601065U";"2025-07-31";"B23Q3/06";"";"2026-08-07";"2026-08-07";"100749346";
"290";"一种加工调速单元、加工组件及加工方法";"";"";"CN122518132A";"2026-07-13";"B23Q15/08 
B23Q5/10";"";"2026-08-07";"2026-08-07";"100750380";
"291";"一种自适应复杂曲面铝铸件的柔性力控夹持装置及方法";"";"";"CN122518097A";"2026-07-07";"B23Q17/00 
B23Q17/24 
B23Q3/08";"";"2026-08-07";"2026-08-07";"100750215";
"292";"机床刀具库及自动刀具更换装置的控制方法";"";"";"CN122518100A";"2025-02-06";"B23Q3/155 
B23Q3/16";"";"2026-08-07";"2026-08-07";"100766590";
"293";"一种多能场辅助单点金刚石车削装置及其加工方法";"";"";"CN122518077A";"2026-05-29";"B06B1/06 
B23B3/00 
B23P25/00 
B23Q15/22 
B28D1/16 
B28D7/00 
B28D7/02 
B28D7/04";"";"2026-08-07";"2026-08-07";"100763517";
"294";"一种金属制品加工的钻孔装置";"";"";"CN224600575U";"2025-08-11";"B23B39/00 
B23Q11/08";"";"2026-08-07";"2026-08-07";"100743944";
"295";"一种医疗铸件产品自动定心旋转加工夹具";"";"";"CN224601115U";"2025-09-22";"B23Q16/02 
B23Q3/12";"";"2026-08-07";"2026-08-07";"100746763";
"296";"一种数控加工用夹具";"";"";"CN224601042U";"2025-08-18";"B23Q3/00";"";"2026-08-07";"2026-08-07";"100735468";
"297";"一种高压泵体加工用低应力自适应夹具及精密装夹方法";"";"";"CN122518090A";"2026-07-03";"B23Q17/00 
B23Q17/09 
B23Q3/06 
B23Q3/08";"";"2026-08-07";"2026-08-07";"100769393";
"298";"一种刮槽机及刮槽方法";"";"";"CN122518114A";"2026-06-17";"B23D79/02 
B23Q3/06 
B23Q7/04";"";"2026-08-07";"2026-08-07";"100754773";
"299";"一种导轨滑块加工工作站";"";"";"CN224601136U";"2025-07-17";"B23Q17/24 
B23Q7/04";"";"2026-08-07";"2026-08-07";"100736966";
"300";"一种扩涨模具的L型滑块加工用定位夹紧工装";"";"";"CN224601089U";"2025-09-12";"B23Q3/06";"";"2026-08-07";"2026-08-07";"100741841";
"301";"一种新能源装配铝型材角码钻孔设备";"";"";"CN224601104U";"2025-08-22";"B23B41/00 
B23Q3/08 
B23Q7/00";"";"2026-08-07";"2026-08-07";"100746730";
"302";"一种新型数控机床的传动润滑补充设备";"";"";"CN224601183U";"2025-08-27";"B23Q11/12";"";"2026-08-07";"2026-08-07";"100746562";
"303";"一种硬质合金加工冷却喷淋调节机构";"";"";"CN122518128A";"2026-06-23";"B23Q11/10";"";"2026-08-07";"2026-08-07";"100763938";
"304";"一种步进电机加工夹具";"";"";"CN224601053U";"2024-08-27";"B23Q3/06";"";"2026-08-07";"2026-08-07";"100743836";
"305";"一种管状金属件表面车铣设备";"";"";"CN224600556U";"2024-09-13";"B23B25/00 
B23B5/08 
B23Q3/00 
B23Q3/06";"";"2026-08-07";"2026-08-07";"100741079";
"306";"抽油机配件磨削机构";"";"";"CN224601025U";"2025-07-03";"B23Q1/46 
B23Q11/00 
B23Q11/08 
B23Q3/12 
B23Q5/26";"";"2026-08-07";"2026-08-07";"100742503";
"307";"一种带状工件同步加工装置";"";"";"CN224600578U";"2025-07-25";"B23B39/16 
B23Q1/01 
B23Q1/26 
B23Q3/08 
B23Q3/10 
B23Q7/00";"";"2026-08-07";"2026-08-07";"100740120";
"308";"一种汽车零部件加工用切割装置";"";"";"CN224600632U";"2025-09-15";"B23D19/00 
B23D33/00 
B23D33/02 
B23Q11/00";"";"2026-08-07";"2026-08-07";"100744216";
"309";"一种机械设备加工用固定夹具";"";"";"CN224601056U";"2024-12-16";"B23Q3/06";"";"2026-08-07";"2026-08-07";"100736533";
"310";"一种圆环式传感器加工定位辅助工装";"";"";"CN224601029U";"2024-08-29";"B23Q3/00";"";"2026-08-07";"2026-08-07";"100737840";
"311";"一种便于水管定位的切割设备";"";"";"CN224600636U";"2024-10-17";"B23D21/00 
B23D33/04 
B23Q5/10";"";"2026-08-07";"2026-08-07";"100736137";
"312";"一种滚珠丝杠二维温度场建模及热误差预测方法";"";"";"CN122518116A";"2026-05-14";"B23Q11/00 
G06F17/13 
G06F30/23 
G06F113/08 
G06F119/08";"";"2026-08-07";"2026-08-07";"100750635";
"313";"一种防护加固型重型立车刀库";"";"";"CN224601123U";"2025-09-18";"B23Q3/155";"";"2026-08-07";"2026-08-07";"100735844";
"314";"一种钢筋套丝机的切削液自动补充装置";"";"";"CN224600688U";"2025-06-12";"B23G1/44 
B23Q11/10";"";"2026-08-07";"2026-08-07";"100741359";
"315";"一种铣刀刀盘装置及线路板锣板设备";"";"";"CN224601124U";"2025-06-05";"B23Q3/157";"";"2026-08-07";"2026-08-07";"100740425";
"316";"一种大型钣金件双侧多机器人移动式渐进成形系统与方法";"";"";"CN122517454A";"2026-07-10";"B21D31/00 
B21D43/00 
B23C3/00 
B23Q3/00";"";"2026-08-07";"2026-08-07";"100764426";
"317";"一种防偏移的钢结构金属构件用打孔机";"";"";"CN224600572U";"2024-09-23";"B23B39/00 
B23B47/00 
B23Q7/05";"";"2026-08-07";"2026-08-07";"100738608";
"318";"一种汽车零部件制造用切割机";"";"";"CN224600663U";"2024-11-20";"B23D79/00 
B23Q11/00";"";"2026-08-07";"2026-08-07";"100740148";
"319";"一种风力发电用轴承套圈的一次成型车削装置";"";"";"CN224600555U";"2025-08-26";"B23B5/00 
B23Q1/25 
B23Q11/00 
B23Q3/06 
B23Q5/28";"";"2026-08-07";"2026-08-07";"100738055";
"320";"一种汽车半轴外圆自动车削装置及使用方法";"";"";"CN122517662A";"2026-04-23";"B23B25/00 
B23B5/08 
B23Q11/10";"";"2026-08-07";"2026-08-07";"100762725";
"321";"一种机床冷却液循环过滤装置";"";"";"CN224601173U";"2024-09-27";"B01D29/09 
B01D29/96 
B23Q11/00 
B23Q11/10";"";"2026-08-07";"2026-08-07";"100739924";
"322";"浮动油封加工用真空夹具";"";"";"CN224601094U";"2024-09-06";"B23Q3/08";"";"2026-08-07";"2026-08-07";"100744781";
"323";"一种农用履带铁齿双端面同步铣削加工设备";"";"";"CN122517684A";"2026-06-29";"B23C3/00 
B23Q1/25 
B23Q3/06";"";"2026-08-07";"2026-08-07";"100753147";
"324";"算出方法、検出装置、及びチップの製造方法";"";"";"JP2026127354A";"2025-01-27";"B23Q17/20 
B23Q17/24 
H10P58/00";"B23K26/364 (US) 
G01B11/0608 (US) 
G01S17/42 (US)";"2026-08-06";"2026-07-30";"100660358";
"325";"一种立式数控加工中心的排屑装置";"";"";"CN224601155U";"2025-09-05";"B23Q11/00";"";"2026-08-07";"2026-08-07";"100746280";
"326";"一种数控铣床用可调节的工装夹具";"";"";"CN224601037U";"2025-06-30";"B23Q11/00 
B23Q3/00";"";"2026-08-07";"2026-08-07";"100739346";
"327";"一种伺服电机马达端盖加工用治具";"";"";"CN224601023U";"2025-08-08";"B23Q1/25 
B23Q3/06";"";"2026-08-07";"2026-08-07";"100736893";
"328";"一种飞轮斜孔加工专用装置";"";"";"CN224600589U";"2025-08-25";"B23B41/00 
B23B47/20 
B23Q3/06";"";"2026-08-07";"2026-08-07";"100741645";
"329";"一种具备毛刺打磨功能的纵剪分条装置";"";"";"CN122518068A";"2026-06-25";"B21C47/18 
B23D19/00 
B23D33/02 
B23P23/04 
B23Q11/08";"";"2026-08-07";"2026-08-07";"100767558";
"330";"一种高精度硬质合金齿轮铣刀成型加工装置";"";"";"CN122517689A";"2026-06-30";"B23C3/28 
B23C9/00 
B23Q11/00 
B23Q3/06 
B23Q5/00";"";"2026-08-07";"2026-08-07";"100758827";
"331";"一种用于铣削振动监测的刀环装置及铣刀组件";"";"";"CN122517693A";"2026-07-13";"B23C9/00 
B23Q17/12";"";"2026-08-07";"2026-08-07";"100766428";
"332";"一种圆锥滚子轴承锻件滚道面精密数控车削加工装置";"";"";"CN122517661A";"2026-05-23";"B23B13/00 
B23B5/00 
B23Q11/00 
B23Q11/08 
B23Q3/00 
B23Q7/00";"";"2026-08-07";"2026-08-07";"100769234";
"333";"一种可收集碎屑的高精密数控双头铣磨组合机床";"";"";"CN122518118A";"2026-06-01";"B23P23/04 
B23Q11/00";"";"2026-08-07";"2026-08-07";"100763571";
"334";"CONTROL SYSTEM, CONTROL METHOD, DESIGN PROCESSING METHOD, AND PROGRAM";"KUROSE IKU 
SAWANO SATOSHI 
MATSUMOTO MASATO";"PANASONIC IP MAN CO LTD [JP]";"WO2026163876A1";"2025-02-03";"B23Q15/12 
G05B11/36 
G05B19/404";"";"2026-08-06";"2026-08-06";"100771339";
"335";"一种车床加工用碎屑清理结构";"";"";"CN224601142U";"2024-10-06";"B23Q11/00";"";"2026-08-07";"2026-08-07";"100742087";
"336";"一种柱塞套钻铰孔加工装置";"";"";"CN224600587U";"2025-07-29";"B23B31/02 
B23B41/00 
B23Q11/08 
B23Q11/10";"";"2026-08-07";"2026-08-07";"100746390";
"337";"刀库结构及具有其的加工设备";"";"";"CN122518102A";"2026-07-02";"B08B17/02 
B08B3/02 
B23Q3/155";"";"2026-08-07";"2026-08-07";"100750896";
"338";"一种汽车天窗导轨型材复合加工中心";"";"";"CN224600999U";"2025-07-30";"B23P23/00 
B23Q11/00";"";"2026-08-07";"2026-08-07";"100746722";
"339";"一种小型自驱堆栈倒角设备";"";"";"CN224600677U";"2025-08-27";"B23D79/04 
B23D79/10 
B23Q5/10 
B23Q5/54";"";"2026-08-07";"2026-08-07";"100742331";
"340";"一种带自动配油夹具接口的交换转台";"";"";"CN224601019U";"2024-10-16";"B23Q1/25 
B23Q11/12";"";"2026-08-07";"2026-08-07";"100735833";
"341";"一种力敏传感器等距铣孔装置";"";"";"CN224600583U";"2024-09-26";"B23B41/00 
B23Q15/08 
B23Q3/06 
B23Q7/02";"";"2026-08-07";"2026-08-07";"100735957";
"342";"一种用于数控车削装置的油水分离结构";"";"";"CN224601178U";"2025-08-28";"B23Q11/10";"";"2026-08-07";"2026-08-07";"100743105";
"343";"一种快取机箱类零件的定位装夹装置";"";"";"CN224601075U";"2025-08-21";"B23Q3/06";"";"2026-08-07";"2026-08-07";"100741870";
"344";"一种用于异形铸件加工的夹具";"";"";"CN224601066U";"2025-08-08";"B23Q1/25 
B23Q3/06";"";"2026-08-07";"2026-08-07";"100739896";
"345";"一种机床加工用切屑液循环过滤装置";"";"";"CN224601179U";"2025-09-09";"B23Q11/10";"";"2026-08-07";"2026-08-07";"100747978";
"346";"一种冶金连铸设备配件生产用卧式车床";"";"";"CN224600553U";"2025-06-07";"B23B5/00 
B23Q11/00 
B23Q11/10";"";"2026-08-07";"2026-08-07";"100736991";
"347";"一种机械加工用托架";"";"";"CN224601140U";"2024-08-29";"B23Q11/00 
B23Q3/00";"";"2026-08-07";"2026-08-07";"100745810";
"348";"刀具寿命预测方法、装置、加工设备及云端设备";"";"";"CN122518134A";"2026-04-09";"B23Q17/00 
B23Q17/09 
G06F18/2411 
G06F18/2415 
G06F18/243 
G06F18/27 
G06N20/10 
G06N20/20 
G06N3/084 
G06N5/01";"";"2026-08-07";"2026-08-07";"100769628";
"349";"一种用于CNC机床的自动送料装置";"";"";"CN224601138U";"2025-08-20";"B23Q7/04";"";"2026-08-07";"2026-08-07";"100738298";
"350";"一种数控沉孔攻牙机";"";"";"CN224600690U";"2025-09-12";"B23G1/44 
B23Q15/22";"";"2026-08-07";"2026-08-07";"100738037";
"351";"一种基于风电零部件生产的数控落地镗铣床及方法";"";"";"CN122518123A";"2026-07-06";"B23Q11/00";"";"2026-08-07";"2026-08-07";"100769411";
"352";"一种阀门法兰盘加工用车铣复合设备";"";"";"CN122518048A";"2026-06-22";"B23P23/02 
B23Q11/00 
B23Q11/10 
B23Q16/02 
B23Q3/06";"";"2026-08-07";"2026-08-07";"100754856";
"353";"一种具有冷却结构的金属工具加工机床";"";"";"CN224601174U";"2024-11-13";"B23Q11/00 
B23Q11/08 
B23Q11/10";"";"2026-08-07";"2026-08-07";"100745993";
"354";"一种用于叶轮加工的双轴车铣复合加工机床";"";"";"CN122518047A";"2026-06-18";"B23C9/00 
B23P23/02 
B23Q11/00 
B23Q3/00";"";"2026-08-07";"2026-08-07";"100750167";
"355";"一种五金加工用辅助送料装置";"";"";"CN224601129U";"2024-09-26";"B23Q7/00";"";"2026-08-07";"2026-08-07";"100736999";
"356";"一种用于批量加工压缩机前盖的工装";"";"";"CN224601100U";"2025-08-05";"B23Q3/08";"";"2026-08-07";"2026-08-07";"100742480";
"357";"一种弹簧垫圈加工用自动上料设备";"";"";"CN224601135U";"2024-11-29";"B23Q7/04";"";"2026-08-07";"2026-08-07";"100743605";
"358";"一种金属底板加工辅助装置";"";"";"CN224600576U";"2025-09-11";"B23B39/00 
B23Q11/00 
B23Q11/10 
B23Q3/06";"";"2026-08-07";"2026-08-07";"100741487";
"359";"用于减少模特手臂连接件周转的一站式加工装置";"";"";"CN224601003U";"2025-08-28";"B23P23/02 
B23Q17/00 
B23Q3/06 
B23Q7/00";"";"2026-08-07";"2026-08-07";"100746056";
"360";"一种微型数控车床";"";"";"CN224600559U";"2026-07-10";"B23B17/00 
B23Q1/01";"";"2026-08-07";"2026-08-07";"100736854";
"361";"一种用于定位器导阀及多类型轴类零件加工的自动化工装";"";"";"CN122518082A";"2026-05-15";"B23Q1/00 
B23Q11/00 
B23Q11/08 
B23Q3/00 
B24B41/06 
B24B5/48";"";"2026-08-07";"2026-08-07";"100756152";
"362";"自动排渣装置及数控机床设备";"";"";"CN122518117A";"2026-05-18";"B23Q11/00";"";"2026-08-07";"2026-08-07";"100754200";
"363";"一种可去除水汽的龙门加工中心";"";"";"CN224601159U";"2025-09-11";"B23Q11/00 
B23Q11/12";"";"2026-08-07";"2026-08-07";"100744853";
"364";"TOOL EXCHANGE DEVICE";"ISOBE GAKU [JP]";"FANUC CORP [JP]";"WO2026163311A1";"2025-01-29";"B23Q3/157";"";"2026-08-06";"2026-08-06";"100769971";
"365";"一种具有防护功能的铝型材加工装置";"";"";"CN224600595U";"2025-07-11";"B23B47/00 
B23Q11/08 
B23Q11/10";"";"2026-08-07";"2026-08-07";"100743324";
"366";"一种实现过载保护的刀塔换刀装置及方法";"";"";"CN122517672A";"2026-06-15";"B23B29/32 
B23Q17/00";"";"2026-08-07";"2026-08-07";"100750038";
"367";"一种滑鞍装配孔位加工用定位治具";"";"";"CN122518095A";"2026-06-12";"B23Q11/00 
B23Q3/08";"";"2026-08-07";"2026-08-07";"100756915";
"368";"一种管桩法兰端板全自动孔加工机及其加工方法";"";"";"CN122518084A";"2026-07-08";"B23B41/00 
B23B47/00 
B23Q1/25 
B23Q3/00 
B23Q3/02";"";"2026-08-07";"2026-08-07";"100767763";
"369";"一种龙门加工中心防护门";"";"";"CN224601164U";"2025-06-29";"B23Q11/08";"";"2026-08-07";"2026-08-07";"100738049";
"370";"一种机床用冷却式中空丝杠结构";"";"";"CN122518107A";"2026-05-29";"B23Q11/00 
B23Q11/12 
B23Q5/40";"";"2026-08-07";"2026-08-07";"100749801";
"371";"一种汽车轮毂的自动化加工系统";"";"";"CN122518042A";"2026-06-29";"B23P23/00 
B23Q1/00 
B23Q3/06 
B23Q7/00";"";"2026-08-07";"2026-08-07";"100768195";
"372";"一种双面加工治具";"";"";"CN224601058U";"2025-06-30";"B23Q3/06 
B23Q7/00";"";"2026-08-07";"2026-08-07";"100745273";
"373";"一种多工位可调式钻孔夹具";"";"";"CN224601090U";"2025-09-14";"B23Q3/06";"";"2026-08-07";"2026-08-07";"100737877";
"374";"一种双面加工夹持装置";"";"";"CN224601040U";"2025-07-29";"B23Q3/00";"";"2026-08-07";"2026-08-07";"100745286";
"375";"MEASUREMENT PATH GENERATING DEVICE, MEASUREMENT PATH GENERATING METHOD, AND MEASUREMENT SYSTEM";"KANEKO HIROKI [JP] 
IKEDA RYOSUKE [JP]";"MITSUBISHI ELECTRIC CORP [JP]";"US20260227179A1";"2023-04-14";"G01B11/02 
G01B11/24 
G01B11/30 
G01B9/02004";"B23Q17/2471 (EP) 
G01B11/005 (EP) 
G01B11/026 (US) 
G01B11/24 (US) 
G01B9/02004 (US) 
G01B11/30 (US)";"2026-08-06";"2024-01-12";"089451966";
"376";"一种数控机床刀架轴";"";"";"CN224601141U";"2024-09-11";"B23Q11/00 
B23Q11/08";"";"2026-08-07";"2026-08-07";"100744401";
"377";"一种钻头加工碎屑输送收集结构";"";"";"CN224601156U";"2025-09-05";"B23Q11/00";"";"2026-08-07";"2026-08-07";"100747000";
"378";"一种机械自动化定位装置";"";"";"CN224601105U";"2025-08-22";"B23Q3/08";"";"2026-08-07";"2026-08-07";"100735730";
"379";"一种高速钢下料处理用切削装置及其操作方法";"";"";"CN122518066A";"2026-06-24";"B23P23/04 
B23Q11/00 
B23Q3/00";"";"2026-08-07";"2026-08-07";"100754927";
"380";"一种合金钢铸造坯件铣削设备";"";"";"CN122518112A";"2026-07-02";"B23C3/00 
B23Q3/06 
B23Q7/00";"";"2026-08-07";"2026-08-07";"100767695";
"381";"一种高频焊管切割的精准导向定位装置";"";"";"CN122517700A";"2026-07-10";"B23D21/00 
B23D33/00 
B23D33/02 
B23Q1/25 
B23Q23/00";"";"2026-08-07";"2026-08-07";"100750325";
"382";"一种变速箱壳体内腔端面定位装置";"";"";"CN224601038U";"2025-07-03";"B23Q3/00";"";"2026-08-07";"2026-08-07";"100736734";
"383";"一种前横梁支架加工用固定装置";"";"";"CN224601064U";"2025-07-24";"B23Q3/06";"";"2026-08-07";"2026-08-07";"100745080";
"384";"一种双主轴双排刀数控车床的高低轨排屑结构";"";"";"CN224601154U";"2025-09-02";"B23Q11/00 
B23Q11/08";"";"2026-08-07";"2026-08-07";"100742588";
"385";"一种高效旋转式数控镗铣床";"";"";"CN122518119A";"2026-06-18";"B23Q11/00 
B23Q11/08";"";"2026-08-07";"2026-08-07";"100762008";
"386";"一种基于夹爪夹持数据的加工误差补偿方法及系统";"";"";"CN122526104A";"2026-06-11";"B23Q17/00 
G05B19/404 
G06T7/00 
G06T7/73";"";"2026-08-07";"2026-08-07";"100756874";
"387";"带装夹自定心的车磨专用机床及轴套类零件加工方法";"";"";"CN122518104A";"2026-07-10";"B23B29/32 
B23P23/04 
B23Q3/12 
B23Q3/18 
B23Q5/40";"";"2026-08-07";"2026-08-07";"100757436";
"388";"SUPPORT TABLE FOR A TOOL";"BERNÁRDEZ RAMÓN [ES]";"NORDEX ENERGY SPAIN SAU [ES]";"WO2026162853A1";"2025-01-31";"B23Q1/03 
B23Q1/74";"";"2026-08-06";"2025-04-01";"095154802";
"389";"METHODS AND ARRANGEMENTS FOR LOW-POWER WAKE-UP SIGNALING";"LI YINGYANG [CN] 
WANG YI [CN] 
XIONG GANG [US] 
ZHANG YUJIAN [CN]";"INTEL CORP [US]";"US20260231030A1";"2023-02-16";"H04B17/318 
H04W52/02";"B23Q16/001 (US) 
B25D5/00 (EP,US) 
H04B17/328 (US) 
H04W52/0235 (US) 
Y02D30/70 (EP)";"2026-08-06";"2024-08-22";"092305574";
"390";"齿条加工用倒角设备";"";"";"CN224600683U";"2025-08-25";"B23F23/06 
B23Q11/00";"";"2026-08-07";"2026-08-07";"100748766";
"391";"一种基于振动信号特征提取的深孔钻机刀具磨损识别方法";"";"";"CN122517679A";"2026-04-24";"B23B49/00 
B23Q17/09";"";"2026-08-07";"2026-08-07";"100762769";
"392";"一种汽车配件精密铣削装置";"";"";"CN122518130A";"2026-06-26";"B23Q11/00 
B23Q11/10 
B23Q5/10";"";"2026-08-07";"2026-08-07";"100753148";
"393";"一种超大超重型环形工件的无翻转精密加工方法";"";"";"CN122518091A";"2026-07-08";"B23Q3/06";"";"2026-08-07";"2026-08-07";"100764232";
"394";"一种智能平管设备及其平管方法";"";"";"CN122518140A";"2026-06-10";"B23B27/22 
B23B5/00 
B23Q17/24";"";"2026-08-07";"2026-08-07";"100749985";
"395";"一种CNC加工用刀具防颤辅助支架";"";"";"CN224601027U";"2025-09-11";"B23Q1/70 
B23Q1/72";"";"2026-08-07";"2026-08-07";"100740421";
"396";"一种新型机床探头";"";"";"CN122518135A";"2026-05-19";"B23Q15/00 
B23Q17/00";"";"2026-08-07";"2026-08-07";"100758183";
"397";"一种滑动机床地轨";"";"";"CN224601015U";"2025-07-15";"B23Q1/01 
B23Q11/00";"";"2026-08-07";"2026-08-07";"100736154";
"398";"一种可多角度调节的斜切工具";"";"";"CN224601900U";"2025-09-10";"B08B5/04 
B23D33/00 
B23D33/02 
B23Q11/00 
B26D3/02 
B26D7/00 
B26D7/18 
B26D7/26 
B27C5/00";"";"2026-08-07";"2026-08-07";"100739607";
"399";"一种锁芯阀位精密加工设备";"";"";"CN224601166U";"2025-07-29";"B23Q11/00 
B23Q11/08 
B23Q3/06";"";"2026-08-07";"2026-08-07";"100746670";
"400";"一种数控立车设备切削液自动供液装置";"";"";"CN224601177U";"2025-07-23";"B23Q11/10";"";"2026-08-07";"2026-08-07";"100737769";
"401";"一种维修机床用辊刀更换结构";"";"";"CN224601125U";"2025-08-26";"B23Q3/157";"";"2026-08-07";"2026-08-07";"100736645";
"402";"一种数控龙门铣床铣头冷却组件";"";"";"CN224600616U";"2024-08-30";"B23C9/00 
B23Q11/10";"";"2026-08-07";"2026-08-07";"100744214";
"403";"一种阀门加工用快速夹紧装置";"";"";"CN224601052U";"2024-08-23";"B23Q3/06 
B25B11/00";"";"2026-08-07";"2026-08-07";"100741916";
"404";"可切换双工位钻铣设备及其控制方法";"";"";"CN122518081A";"2026-07-13";"B23P23/02 
B23Q1/46 
B23Q1/66";"";"2026-08-07";"2026-08-07";"100766340";
"405";"基于隐空间频谱幅度表征学习的立铣刀磨损状态评估方法";"";"";"CN122527606A";"2026-07-10";"B23Q17/09 
G06F18/10 
G06F18/20 
G06F18/2131 
G06F18/2136 
G06F18/214 
G06F18/25 
G06N3/045 
G06N3/0464 
G06N3/084 
G06N3/096 
G06N3/0985 
G07C3/00 
G06F123/02";"";"2026-08-07";"2026-08-07";"100753436";
"406";"一种超大型舰船舵叶内锥孔加工装置";"";"";"CN122518105A";"2026-07-10";"B23B41/00 
B23Q15/013 
B23Q3/16 
B23Q5/10 
B23Q5/28";"";"2026-08-07";"2026-08-07";"100767894";
"407";"一种压缩机气缸套外圆精加工用夹具";"";"";"CN224601046U";"2025-09-09";"B23Q17/22 
B23Q3/00 
B23Q7/00";"";"2026-08-07";"2026-08-07";"100738384";
"408";"一种多工位夹具";"";"";"CN224601031U";"2024-10-11";"B23Q3/00";"";"2026-08-07";"2026-08-07";"100735946";
"409";"具有主轴刀具修整及自动补正功能的加工机";"";"";"CN224601106U";"2025-08-29";"B23K26/00 
B23Q11/00 
B23Q17/00 
B23Q17/24 
B23Q3/08";"";"2026-08-07";"2026-08-07";"100737778";
"410";"CHIP-BREAKING TURNING CONTROL DEVICE AND MACHINE TOOL EQUIPPED WITH SAME";"OHARA KENJI [JP] 
NAKANISHI KENICHI [JP] 
GOBO JUNICHI [JP] 
ISHIYAMA HIROKI [JP]";"NAKAMURA TOME PRECISION IND [JP]";"WO2026163443A1";"2025-02-03";"B23B1/00 
B23Q15/013";"";"2026-08-06";"2026-08-06";"100770074";
"411";"COOLANT SYSTEM, PROCESSING SYSTEM, FOREIGN MATTER REMOVAL METHOD, AND PROGRAM";"MATSUNAGA TAKUYA [JP] 
RYUTA TORAHARU [JP] 
KISHI YOSUKE [JP] 
TERAOKA HIROKI [JP]";"YAMAZAKI MAZAK CORP [JP]";"WO2026163435A1";"2025-01-30";"B23Q11/00 
B23Q11/10";"";"2026-08-06";"2025-08-13";"096697847";
"412";"一种新型太阳能光伏边框打孔设备";"";"";"CN224601157U";"2025-09-08";"B23B41/00 
B23Q11/00 
B23Q3/08";"";"2026-08-07";"2026-08-07";"100735173";
"413";"一种PEEK棒材层级加工工艺";"";"";"CN122517659A";"2026-06-22";"B23B1/00 
B23B27/14 
B23Q5/22 
B26D7/08 
B26F1/16";"";"2026-08-07";"2026-08-07";"100767457";
"414";"防振型精密机床";"";"";"CN224601145U";"2024-10-30";"B23Q11/00 
B23Q11/08";"";"2026-08-07";"2026-08-07";"100737887";
"415";"一种可进行双向刨削的龙门刨床";"";"";"CN224600617U";"2025-08-29";"B23D7/02 
B23Q1/25";"";"2026-08-07";"2026-08-07";"100748798";
"416";"一种用于金属波纹管的切割装置";"";"";"CN224600634U";"2024-09-13";"B23D21/00 
B23D33/04 
B23Q1/25 
B23Q11/00";"";"2026-08-07";"2026-08-07";"100736104";
"417";"一种可调直径的模块化螺套丝锥";"";"";"CN224600692U";"2025-09-15";"B23G1/44 
B23Q1/25 
B23Q5/40";"";"2026-08-07";"2026-08-07";"100740699";
"418";"CORRECTION AMOUNT CALCULATION DEVICE AND COMPUTER-READABLE RECORDING MEDIUM";"OTSUKA HIDAKA [JP] 
KAYANUMA TOMOKAZU [JP] 
NISHIKAWA SOTA [JP]";"FANUC CORP [JP]";"WO2026163362A1";"2025-01-30";"B23Q15/18 
G05B19/404";"";"2026-08-06";"2026-08-06";"100771202";
"419";"一种设有隐藏式移动结构的控制面板防尘护罩";"";"";"CN224601163U";"2025-06-16";"B23Q11/08";"";"2026-08-07";"2026-08-07";"100742301";
"420";"一种制动杆车削装置";"";"";"CN224601091U";"2025-09-15";"B23Q3/06";"";"2026-08-07";"2026-08-07";"100736714";
"421";"一种铝压铸件钻孔加工装置";"";"";"CN224601172U";"2025-09-09";"B23Q11/08 
B23Q3/08";"";"2026-08-07";"2026-08-07";"100744420";
"422";"一种建筑工程用钢管打孔装置";"";"";"CN224600582U";"2024-08-23";"B23B41/00 
B23Q11/00 
B23Q3/06";"";"2026-08-07";"2026-08-07";"100745158";
"423";"一种机床滑枕进给装置的定位方法";"";"";"CN122518106A";"2026-06-29";"B23P21/00 
B23Q5/34 
B23Q5/40";"";"2026-08-07";"2026-08-07";"100757194";
"424";"一种用于钻床的辅助夹持设备";"";"";"CN224601086U";"2025-09-10";"B23Q17/00 
B23Q3/06";"";"2026-08-07";"2026-08-07";"100748671";
"425";"一种大口径热力管道开孔装置";"";"";"CN122518054A";"2026-07-09";"B23P23/02 
B23Q11/00 
B23Q11/10";"";"2026-08-07";"2026-08-07";"100768367";
"426";"一种航空零部件用数控切割装置及方法";"";"";"CN122517697A";"2026-06-26";"B23D33/00 
B23Q15/26 
B23Q3/06 
B23Q3/155";"";"2026-08-07";"2026-08-07";"100754942";
"427";"用于胫骨平台产品锯床切尾加工的装夹工装";"";"";"CN224601079U";"2025-08-28";"B23Q3/06";"";"2026-08-07";"2026-08-07";"100743496";
"428";"一种五轴数控螺纹磨床的辅助器";"";"";"CN122517722A";"2026-06-05";"B23G1/36 
B23G1/44 
B23Q17/24 
B23Q3/06";"";"2026-08-07";"2026-08-07";"100756782";
"429";"笔记本上盖的抛光方法";"";"";"CN122518144A";"2022-10-21";"B24B1/00 
B24B29/02 
B24B41/06";"B23C3/00 (CN) 
B23Q3/06 (CN) 
B23Q3/062 (CN)";"2026-08-07";"2024-04-30";"090803673";
"430";"一种数控机床刀具更换用快速定位机构";"";"";"CN224601045U";"2025-09-09";"B23Q11/10 
B23Q3/00";"";"2026-08-07";"2026-08-07";"100742291";
"431";"一种非标件生产开槽机";"";"";"CN224600608U";"2025-08-25";"B23C3/28 
B23Q11/00 
B23Q11/08 
B23Q3/155";"";"2026-08-07";"2026-08-07";"100746171";
"432";"一种液压阀阀体钻孔攻丝一体化加工装置";"";"";"CN122518055A";"2026-07-10";"B23P23/02 
B23Q3/06 
B23Q5/26 
B23Q7/00";"";"2026-08-07";"2026-08-07";"100768540";
"433";"VORRICHTUNG ZUR STAUBFREIEN BEHANDLUNG";"LINQVIST TOMMY [FI] 
BÄCK SIMON [FI] 
SÖDERGÅRD TOMAS [FI]";"MIRKA LTD [FI]";"EP4785838A1";"2025-02-03";"A47L7/00";"A47L7/0095 (EP,FI) 
A47L9/2805 (FI) 
A47L9/2842 (FI) 
A47L9/2894 (FI) 
B23D59/0064 (FI) 
B23Q11/0046 (EP,FI) 
B24B55/06 (FI)";"2026-08-05";"2026-08-04";"098434435";
"434";"一种自动换刀结构的立式钻攻加工中心";"";"";"CN122518045A";"2026-05-22";"B23P23/02 
B23Q3/155";"";"2026-08-07";"2026-08-07";"100758313";
"435";"一种圆钢切割机中空支撑台";"";"";"CN224600642U";"2025-09-11";"B23D33/02 
B23Q11/00 
B23Q11/08 
B23Q11/10";"";"2026-08-07";"2026-08-07";"100738697";
"436";"一种铝合金门窗开槽机";"";"";"CN224600607U";"2024-10-15";"B23C3/28 
B23C9/00 
B23Q1/25 
B23Q11/00";"";"2026-08-07";"2026-08-07";"100742404";
"437";"一种用于单端面多孔位加工的车床夹具";"";"";"CN224601041U";"2025-08-12";"B23Q3/00";"";"2026-08-07";"2026-08-07";"100742942";
"438";"面向小样本场景的铣削多模态颤振检测方法及系统";"";"";"CN122518138A";"2026-05-22";"B23C9/00 
B23Q17/12 
B25J11/00 
G05B19/408";"";"2026-08-07";"2026-08-07";"100758257";
"439";"FERTIGUNGSMASCHINE ZUR HERSTELLUNG VON OPTISCH WIRKSAMEN OBERFLÄCHEN AN WERKSTÜCKEN MIT OPTISCHEN EIGENSCHAFTEN";"WALLENDORF STEFFEN [DE] 
SCHLICHT MAXIMILIAN [DE] 
SCHMIDT MARKUS [DE] 
SÖHNGEN SWEN [DE] 
SEIFRIED STEFAN [DE]";"OPTOTECH OPTIKMASCH GMBH [DE] 
WALLENDORF STEFFEN [DE] 
SCHLICHT MAXIMILIAN [DE] 
SCHMIDT MARKUS [DE] 
SOEHNGEN SWEN [DE] 
SEIFRIED STEFAN [DE]";"WO2026162133A1";"2025-01-29";"B23Q7/04 
B24B27/00 
B24B41/00 
B29D11/00";"B24B27/0069 (EP) 
B24B41/005 (EP) 
B29D11/00423 (EP) 
B29D11/00932 (EP) 
B24B13/0037 (EP) 
B24B13/0055 (EP) 
B24B13/046 (EP)";"2026-08-06";"2026-08-06";"094478670";
"440";"一种铝材加工的多定位复合铣削机构";"";"";"CN122517683A";"2026-06-07";"B23C3/00 
B23C9/00 
B23Q11/00 
B23Q11/10 
B23Q3/00 
B23Q7/00";"";"2026-08-07";"2026-08-07";"100754610";
"441";"激光测量机构";"";"";"CN224601187U";"2025-09-10";"B23Q11/08 
B23Q17/24";"";"2026-08-07";"2026-08-07";"100747287";
"442";"一种盆式绝缘子模具加工打孔装置";"";"";"CN224600591U";"2025-09-11";"B23B41/00 
B23Q3/00";"";"2026-08-07";"2026-08-07";"100739511";
"443";"一种普车液压尾架";"";"";"CN224600571U";"2025-05-19";"B23B33/00 
B23Q11/00";"";"2026-08-07";"2026-08-07";"100748581";
"444";"一种摩圈钻孔加工装置";"";"";"CN224600592U";"2025-10-28";"B23B41/00 
B23Q3/06";"";"2026-08-07";"2026-08-07";"100742504";
"445";"一种用于灯具铝框加工钻孔的夹持装置";"";"";"CN224601060U";"2025-07-07";"B23Q11/00 
B23Q3/06";"";"2026-08-07";"2026-08-07";"100746739";
